timestamp,open,high,low,close,volume
2012-03-18,85.22,84.27,83.32,83.32,110
2012-03-20,83.32,82.37,82.37,82.37,10
2012-05-22,82.37,83.95,83.32,83.95,146
2012-07-02,83.95,83,83,83,50
2012-07-18,83,82.05,82.05,82.05,50
2012-07-31,82.05,81.1,80.78,80.78,240
2012-10-03,80.78,79.83,79.83,79.83,61
2012-10-10,79.83,78.88,78.88,78.88,100
2012-11-04,78.88,77.93,77.93,77.93,1428
2012-12-03,77.93,78.88,78.88,78.88,387
2012-12-04,78.88,77.93,77.61,77.61,186
2012-12-05,77.61,76.66,75.07,75.07,3481
2012-12-06,75.07,74.44,70.63,70.63,17939
2013-01-27,72.1,70.79,70.79,70.79,73
2013-03-13,70.79,70.79,70.79,70.79,1106
2013-04-30,70.79,70.13,70.13,70.13,1190
2013-05-27,70.13,70.13,70.13,70.13,203
2013-05-30,70.13,70.13,68.16,68.16,1233
2013-06-05,68.16,67.5,65.53,65.53,709
2013-06-10,65.53,66.19,65.53,65.53,87
2013-06-12,65.53,64.88,64.22,64.22,535
2013-07-29,64.22,63.56,63.56,63.56,446
2013-09-02,63.56,63.24,61.92,61.92,756
2013-09-03,61.92,62.58,61.92,62.58,1562
2013-09-05,62.58,63.24,63.24,63.24,198
2013-09-09,63.24,63.89,63.89,63.89,500
2013-09-10,63.89,63.89,63.89,63.89,40
2013-09-11,63.89,63.89,63.24,63.24,1385
2013-09-15,63.24,63.24,63.24,63.24,966
2013-09-17,63.24,63.24,63.24,63.24,16
2013-09-22,63.24,63.24,63.24,63.24,32
2013-09-23,63.24,63.24,63.24,63.24,495
2013-09-24,63.24,63.89,63.24,63.24,336
2013-09-25,63.24,63.56,63.24,63.56,1421
2013-10-02,63.56,63.56,63.56,63.56,125
2013-10-03,63.56,62.91,62.91,62.91,40
2013-10-20,62.91,62.25,62.25,62.25,27
2013-10-22,62.25,61.6,61.6,61.6,3029
2013-10-23,61.6,62.91,62.25,62.25,863
2013-10-28,62.25,62.91,62.25,62.25,191
2013-10-29,62.25,62.25,62.25,62.25,125
2013-11-07,62.25,62.25,61.6,62.25,220
2013-12-01,62.25,62.25,61.6,61.6,1545
2013-12-04,61.6,62.91,62.25,62.91,20
2013-12-05,62.91,64.88,63.56,64.88,30
2013-12-09,64.88,67.5,65.53,67.5,258
2013-12-10,67.5,68.16,68.16,68.16,10
2013-12-11,68.16,69.47,68.82,69.47,30
2013-12-12,69.47,71.44,70.13,71.44,336
2013-12-15,71.44,72.75,72.1,72.75,218
2013-12-22,72.75,73.41,73.41,73.41,130
2013-12-23,73.41,74.07,74.07,74.07,43
2013-12-24,74.07,74.07,73.41,74.07,148
2014-01-08,74.07,73.41,73.41,73.41,500
2014-01-13,73.41,72.75,72.75,72.75,129
2014-01-21,72.75,74.72,73.41,74.72,297
2014-01-22,74.72,75.38,75.38,75.38,660
2014-01-23,75.38,76.04,76.04,76.04,52
2014-01-26,76.04,76.36,76.36,76.36,206
2014-01-28,76.36,78.33,77.02,78.33,304
2014-01-29,78.33,79.32,79.32,79.32,416
2014-02-03,79.32,80.3,80.3,80.3,140
2014-02-13,80.3,82.27,81.29,82.27,226
2014-02-16,82.27,83.26,83.26,83.26,7047
2014-02-18,83.26,84.24,84.24,84.24,143
2014-02-23,84.24,85.23,85.23,85.23,100
2014-02-26,85.23,85.23,85.23,85.23,53
2014-03-03,85.23,85.55,84.57,84.57,4317
2014-03-06,84.57,85.55,85.55,85.55,354
2014-03-09,85.55,85.55,85.55,85.55,12414
2014-03-10,85.55,85.23,84.57,85.23,562
2014-03-11,85.23,85.23,85.23,85.23,125
2014-05-11,85.23,84.24,83.26,83.26,434
2014-05-20,83.26,83.91,82.93,83.91,964
2014-05-21,83.91,83.91,83.91,83.91,790
2014-05-26,83.91,82.93,82.93,82.93,207
2014-06-09,82.93,81.94,79.97,79.97,1015
2014-06-11,79.97,78.99,78.99,78.99,521
2014-06-12,78.99,78.01,78.01,78.01,180
2014-06-15,78.01,78.01,78.01,78.01,66
2014-06-16,78.01,79.97,78.99,79.97,989
2014-06-18,79.97,79.32,78.01,78.01,283
2014-06-24,78.01,78.99,78.99,78.99,1000
2014-06-26,78.99,79.97,79.32,79.32,1316
2014-06-29,79.32,80.3,80.3,80.3,555
2014-06-30,80.3,82.27,81.29,82.27,325
2014-07-07,82.27,87.52,83.26,87.52,170
2014-07-08,87.52,93.1,88.51,93.1,200
2014-07-09,93.1,99.34,94.09,99.01,3371
2014-07-10,99.01,100.32,99.01,99.01,547
2014-07-14,99.01,100.32,100.32,100.32,206
2014-07-15,100.32,100.98,100.98,100.98,105
2014-07-21,100.98,105.57,102.29,105.57,4143
2014-07-22,105.57,108.2,106.89,108.2,1573
2014-07-23,108.2,107.54,106.56,106.89,4473
2014-07-24,106.89,107.21,104.59,107.21,1698
2014-07-27,107.21,112.47,108.53,110.82,3871
2014-07-30,110.82,112.14,109.18,112.14,833
2014-07-31,112.14,110.5,110.5,110.5,249
2014-08-03,110.5,118.04,111.81,118.04,4030
2014-08-04,118.04,116.4,116.4,116.4,40
2014-08-06,116.4,118.04,118.04,118.04,596
2014-08-14,118.04,116.4,114.76,114.76,1032
2014-08-20,114.76,113.12,111.48,111.48,153
2014-12-10,111.48,109.84,109.84,109.84,143
2014-12-11,109.84,114.11,108.53,114.11,416
2015-01-27,114.23,117.02,115.63,117.02,20
2015-01-28,117.02,115.28,115.28,115.28,15
2015-02-03,115.28,113.88,113.88,113.88,60
2015-02-04,113.88,112.49,106.91,107.26,5947
2015-02-05,107.26,105.86,103.07,104.47,1405
2015-02-08,104.47,104.47,104.47,104.47,160
2015-02-10,104.47,103.07,103.07,103.07,176
2015-02-11,103.07,104.47,103.07,104.47,1413
2015-02-12,104.47,106.56,105.51,106.21,12752
2015-02-15,106.21,106.21,104.82,106.21,35
2015-02-16,106.21,104.82,103.42,103.42,4000
2015-02-19,103.42,106.91,104.82,106.91,793
2015-02-24,106.91,107.61,105.16,105.16,2010
2015-02-25,105.16,106.56,106.21,106.56,202
2015-03-02,106.56,105.51,103.77,105.51,4000
2015-03-03,105.51,104.12,104.12,104.12,1000
2015-03-04,104.12,105.51,103.77,103.77,2198
2015-03-09,103.77,109.35,104.82,109.35,6378
2015-03-10,109.35,112.14,109,109,3765
2015-03-11,109,111.09,109,111.09,1249
2015-03-12,111.09,112.49,109.7,112.49,1540
2015-03-15,112.49,111.09,111.09,111.09,358
2015-03-16,111.09,110.05,109,109,2561
2015-03-17,109,107.61,107.61,107.61,2281
2015-03-18,107.61,107.61,106.21,107.61,98
2015-03-22,107.61,109,109,109,1828
2015-03-23,109,107.61,104.82,107.61,467
2015-03-24,107.61,106.21,106.21,106.21,449
2015-03-25,106.21,107.61,106.21,107.61,1063
2015-03-26,107.61,107.26,106.21,106.21,550
2015-03-29,106.21,106.56,106.21,106.56,300
2015-03-30,106.56,105.16,105.16,105.16,1841
2015-03-31,105.16,106.56,106.21,106.56,2034
2015-04-02,106.56,105.51,105.16,105.16,250
2015-04-07,105.16,104.12,104.12,104.12,34
2015-04-12,104.12,105.51,105.51,105.51,1242
2015-04-13,105.51,106.21,106.21,106.21,544
2015-04-15,106.21,104.82,104.82,104.82,600
2015-04-19,104.82,103.77,103.42,103.42,591
2015-04-21,103.42,102.72,102.72,102.72,41
2015-05-27,102.72,102.72,102.72,102.72,18
2015-06-03,102.72,102.72,101.33,101.33,531
2015-06-04,101.33,101.33,100.28,101.33,1300
2015-06-07,101.33,101.33,101.33,101.33,500
2015-06-08,101.33,102.03,101.33,102.03,1926
2015-06-09,102.03,104.82,103.42,104.82,527
2015-06-11,104.82,103.42,103.42,103.42,100
2015-06-14,103.42,102.03,100.63,100.98,8009
2015-06-16,100.98,100.98,99.58,100.98,781
2015-06-25,100.63,101.33,99.23,99.23,1373
2015-06-28,98.89,99.93,98.54,99.93,729
2015-07-01,98.54,100.28,98.54,100.28,215
2015-07-02,98.89,98.89,98.89,98.89,125
2015-07-05,99.23,99.58,98.89,98.89,587
2015-07-07,98.89,99.58,98.89,99.58,541
2015-07-12,99.58,99.58,99.58,99.58,210
2015-07-13,98.54,99.93,98.54,99.93,1396
2015-07-14,99.23,99.23,98.89,98.89,5227
2015-07-15,100.28,100.28,98.89,98.89,351
2015-07-16,98.89,100.28,98.89,100.28,590
2015-07-22,101.68,103.07,101.68,103.07,1783
2015-07-23,103.07,107.26,104.47,107.26,2964
2015-07-26,107.26,114.23,108.65,114.23,845
2015-07-27,114.23,115.63,113.88,114.23,977
2015-07-28,114.23,117.02,110.4,110.4,8190
2015-07-29,110.4,109.7,108.3,109,2103
2015-07-30,109,113.88,109.35,110.4,6110
2015-08-03,110.4,109.35,109,109.35,665
2015-08-04,109.35,109.35,107.95,109.35,270
2015-08-05,109.35,110.4,110.4,110.4,100
2015-08-11,110.4,109.7,109.7,109.7,485
2015-08-13,108.3,108.3,106.91,106.91,361
2015-08-20,108.3,108.3,106.91,106.91,327
2015-08-23,105.51,105.51,104.12,104.12,175
2015-08-24,105.51,108.3,105.51,108.3,280
2015-08-25,106.91,107.26,105.51,107.26,3119
2015-08-26,105.86,106.21,105.86,105.86,889
2015-08-27,107.26,107.26,106.91,107.26,1045
2015-08-31,106.56,106.56,106.56,106.56,11
2015-09-01,106.56,107.95,107.26,107.26,539
2015-09-02,108.65,108.65,107.26,107.26,1150
2015-09-03,105.86,106.21,104.12,104.12,3016
2015-09-06,103.42,103.77,103.42,103.77,2077
2015-09-07,103.42,104.12,103.42,103.42,833
2015-09-08,102.37,109.7,102.37,109.7,5034
2015-09-09,111.09,111.09,107.26,107.26,600
2015-09-10,107.26,107.26,107.26,107.26,296
2015-09-13,107.26,107.26,107.26,107.26,1000
2015-09-14,107.61,107.61,104.47,106.21,4436
2015-09-15,105.86,107.61,105.86,106.21,2412
2015-09-16,106.56,107.61,105.51,107.61,7303
2015-09-17,107.61,107.95,106.21,107.95,6184
2015-09-22,109.35,110.75,109.35,110.75,20
2015-09-23,111.44,111.44,109.35,109.35,1994
2015-09-24,107.95,107.95,107.95,107.95,200
2015-09-29,106.56,106.56,106.56,106.56,577
2015-10-01,105.16,106.56,105.16,105.51,4750
2015-10-04,104.12,106.21,103.07,106.21,4337
2015-10-05,104.82,104.82,104.82,104.82,500
2015-10-06,103.77,105.16,103.77,105.16,2556
2015-10-07,103.77,104.12,103.77,104.12,800
2015-10-08,104.12,104.82,103.77,103.77,1329
2015-10-11,103.07,103.07,102.37,102.37,2862
2015-10-14,103.77,104.12,102.72,104.12,2099
2015-10-15,102.72,103.42,102.72,102.72,1300
2015-10-25,101.33,101.33,101.33,101.33,900
2015-10-27,99.93,99.93,99.93,99.93,265
2015-10-28,98.54,98.54,98.54,98.54,238
2015-10-29,98.54,99.93,97.14,98.19,7978
2015-11-01,99.23,102.03,99.23,102.03,145
2015-11-02,101.68,101.68,101.68,101.68,100
2015-11-03,100.28,100.28,97.49,99.93,691
2015-11-04,99.93,99.93,99.93,99.93,33
2015-11-10,99.93,99.93,99.93,99.93,350
2015-11-18,98.54,99.93,98.54,99.93,400
2015-11-22,98.54,98.89,97.84,98.89,37
2015-11-23,98.89,98.89,98.89,98.89,946
2015-11-25,100.28,100.28,100.28,100.28,200
2015-11-26,98.89,98.89,98.89,98.89,377
2015-12-01,98.89,100.28,100.28,100.28,50
2015-12-04,101.68,101.68,101.68,101.68,50
2015-12-07,102.03,102.03,102.03,102.03,10
2015-12-08,100.98,100.98,99.58,99.58,211
2015-12-09,100.98,100.98,100.98,100.98,100
2015-12-13,102.37,103.77,101.33,103.77,805
2015-12-17,103.42,103.42,103.42,103.42,220
2015-12-22,102.72,102.72,102.03,102.03,274
2015-12-23,102.03,102.03,100.63,102.03,2680
2015-12-24,102.03,103.42,102.03,103.42,792
2015-12-25,104.47,104.47,103.77,103.77,431
2015-12-28,103.77,103.77,101.33,101.33,1178
2015-12-29,101.33,102.03,100.63,100.63,1389
2015-12-31,102.03,104.82,102.03,103.77,10323
2016-01-03,103.59,102.44,102.44,102.44,10
2016-01-11,101.29,101.29,101.29,101.29,28
2016-01-14,100.14,100.14,100.14,100.14,1383
2016-02-03,100.14,101.29,101.29,101.29,14
2016-02-04,102.44,102.44,102.44,102.44,20
2016-02-07,102.44,104.75,103.59,104.75,28
2016-02-11,104.75,110.5,105.9,110.5,46
2016-02-14,112.04,112.04,112.04,112.04,14
2016-02-16,112.04,113.57,113.57,113.57,20
2016-02-18,113.57,113.57,110.5,113.57,1679
2016-02-21,115.11,115.11,113.57,115.11,1520
2016-02-22,113.95,113.95,113.57,113.95,1000
2016-02-24,112.04,112.04,112.04,112.04,133
2016-02-25,113.57,115.11,113.57,115.11,220
2016-03-02,114.34,114.34,113.57,113.95,550
2016-03-03,115.11,115.11,115.11,115.11,200
2016-03-06,113.57,116.26,113.57,115.87,950
2016-03-10,114.72,115.11,114.72,115.11,350
2016-03-14,116.64,116.64,116.64,116.64,20
2016-03-15,118.17,119.71,116.64,116.64,560
2016-03-16,115.49,118.17,115.49,118.17,1145
2016-03-21,117.41,117.41,117.02,117.02,165
2016-03-24,117.02,117.02,115.49,115.49,550
2016-03-27,115.49,115.11,115.11,115.11,18
2016-03-29,116.64,116.64,116.64,116.64,613
2016-03-30,116.64,117.02,116.64,117.02,1482
2016-03-31,117.02,118.17,118.17,118.17,100
2016-04-03,118.17,118.56,118.56,118.56,1000
2016-04-12,118.56,117.02,117.02,117.02,1000
2016-04-14,117.02,117.02,115.87,115.87,1200
2016-04-17,117.41,117.79,117.41,117.79,1250
2016-04-18,117.79,125.08,116.64,125.08,3619
2016-04-19,125.08,123.93,123.93,123.93,500
2016-04-20,123.93,122.4,122.4,122.4,887
2016-04-21,122.4,123.93,119.33,120.86,2572
2016-04-24,120.86,126.62,122.4,126.62,1844
2016-04-25,126.62,130.45,128.53,128.53,1153
2016-04-26,128.53,130.45,128.53,128.53,4216
2016-04-27,128.53,128.53,128.53,128.53,490
2016-04-28,128.53,128.53,126.62,126.62,2762
2016-05-02,126.62,128.53,126.62,126.62,711
2016-05-03,126.62,125.08,124.7,125.08,1500
2016-05-04,125.08,123.16,123.16,123.16,500
2016-05-05,123.16,122.78,120.86,120.86,7575
2016-05-08,120.86,125.08,122.4,125.08,2050
2016-05-10,123.93,126.23,123.16,126.23,2500
2016-05-11,126.23,125.46,125.08,125.08,600
2016-05-12,127,128.15,126.62,128.15,520
2016-05-15,133.91,135.82,131.99,131.99,2025
2016-05-16,131.99,132.37,132.37,132.37,500
2016-05-17,132.37,132.37,132.37,132.37,500
2016-05-18,132.37,136.21,134.29,134.29,1150
2016-05-23,134.29,140.04,136.21,140.04,1700
2016-05-24,140.04,138.13,138.13,138.13,500
2016-05-25,138.13,136.21,136.21,136.21,100
2016-05-26,136.21,136.21,136.21,136.21,700
2016-05-29,136.21,134.29,130.45,130.45,400
2016-05-30,130.45,136.21,132.37,136.21,166
2016-05-31,136.21,134.29,132.37,132.37,1592
2016-06-01,132.37,132.37,131.6,131.6,1500
2016-06-02,131.6,130.45,128.53,128.53,1062
2016-06-05,128.53,130.45,128.53,128.53,566
2016-06-06,128.53,128.53,126.62,126.62,2200
2016-06-07,125.46,130.84,125.08,130.84,3200
2016-06-08,130.84,132.75,132.37,132.75,560
2016-06-09,132.75,132.75,132.37,132.75,800
2016-06-12,132.75,130.84,130.84,130.84,1000
2016-06-13,130.84,138.89,131.6,138.89,1542
2016-06-14,140.04,143.88,136.21,141.58,3141
2016-06-15,139.66,141.58,136.21,136.59,2345
2016-06-16,136.59,142.35,138.51,142.35,2000
2016-06-19,142.35,152.32,140.81,152.32,5417
2016-06-20,152.32,151.56,146.18,148.1,7195
2016-06-21,148.1,151.56,145.8,149.25,2538
2016-06-22,151.56,151.56,148.87,149.25,1400
2016-06-23,149.25,149.64,146.95,146.95,1339
2016-06-26,146.95,149.25,143.88,149.25,2243
2016-06-27,149.25,153.86,147.72,153.86,7028
2016-06-28,153.86,156.16,151.56,156.16,1760
2016-06-29,156.16,158.46,158.46,158.46,40
2016-06-30,158.46,157.69,153.09,153.09,1752
2016-07-03,153.09,155.39,155.39,155.39,50
2016-07-04,155.39,155.39,155.39,155.39,998
2016-07-05,153.09,155.39,151.56,151.56,1153
2016-07-06,153.86,159.23,153.86,155.39,9440
2016-07-10,155.39,164.6,157.69,163.07,3550
2016-07-11,163.07,160.38,160.38,160.38,750
2016-07-12,160.38,161.15,161.15,161.15,100
2016-07-13,161.15,158.85,156.54,158.85,400
2016-07-14,156.93,156.93,156.93,156.93,100
2016-07-17,156.93,161.53,157.69,159.23,2800
2016-07-18,159.23,161.53,157.31,159.23,1932
2016-07-19,159.23,161.53,156.93,159.23,3094
2016-07-20,161.53,168.05,161.15,167.67,3307
2016-07-21,168.05,175.34,170.36,175.34,2000
2016-07-25,175.34,189.92,177.65,188.01,7001
2016-07-26,188.01,203.74,191.07,203.74,2327
2016-07-27,203.74,221,207.19,221,3570
2016-07-28,221,240.19,224.84,240.19,27827
2016-07-31,240.19,261.29,232.13,237.88,13559
2016-08-01,237.88,241.72,226.37,232.13,5828
2016-08-02,232.13,228.29,220.62,224.46,5780
2016-08-03,224.46,225.99,213.33,225.99,7674
2016-08-04,225.99,227.91,218.32,218.32,4224
2016-08-07,218.32,231.75,221.77,222.54,4200
2016-08-08,222.54,218.7,203.35,203.35,3800
2016-08-09,206.81,210.26,206.81,210.26,20
2016-08-10,213.71,220.62,213.33,220.23,7606
2016-08-11,217.55,217.55,213.71,214.86,2500
2016-08-14,214.86,214.86,205.65,206.42,2756
2016-08-15,202.97,205.65,201.43,204.89,1251
2016-08-16,207.19,211.79,207.19,211.79,1137
2016-08-17,215.25,217.93,214.48,217.93,1250
2016-08-21,214.86,214.86,214.86,214.86,100
2016-08-22,216.78,216.78,206.42,206.42,356
2016-08-23,202.97,212.94,199.52,202.59,2096
2016-08-24,206.04,209.49,201.43,201.43,293
2016-08-28,204.89,208.34,204.89,208.34,669
2016-08-30,209.11,210.26,209.11,210.26,400
2016-08-31,207.57,207.57,207.57,207.57,1000
2016-09-01,211.03,225.22,211.03,220.62,22980
2016-09-04,224.46,224.46,216.78,220.62,5581
2016-09-05,222.54,222.54,217.17,219.85,7850
2016-09-06,222.54,224.84,219.85,222.54,4650
2016-09-07,218.7,218.7,215.25,218.7,300
2016-09-08,218.7,220.62,216.4,218.7,2002
2016-09-11,217.17,217.17,216.78,217.17,300
2016-09-12,216.78,217.17,214.86,217.17,1440
2016-09-14,218.7,228.29,218.7,228.29,14995
2016-09-18,232.13,244.02,232.13,243.64,23806
2016-09-20,245.56,247.48,236.35,237.5,5546
2016-09-21,235.97,235.97,230.21,231.36,2434
2016-09-22,230.21,230.21,225.22,228.68,3769
2016-09-25,230.21,230.21,225.22,228.68,3769
2016-09-26,228.29,230.21,220.62,220.62,17665
2016-09-27,220.62,229.25,218.22,223.02,872
2016-09-28,219.18,219.18,215.82,215.82,142
2016-09-29,212.94,212.94,209.11,209.11,2170
2016-10-02,210.07,210.07,210.07,210.07,50
2016-10-03,213.42,216.78,213.42,216.78,100
2016-10-04,218.22,218.22,215.82,215.82,1100
2016-10-05,219.18,219.18,219.18,219.18,500
2016-10-06,216.3,220.62,216.3,220.62,446
2016-10-16,224.46,224.46,223.5,223.5,180
2016-10-17,220.62,220.62,219.18,219.18,1370
2016-10-18,218.22,220.14,216.78,217.74,750
2016-10-20,216.78,216.78,216.78,216.78,550
2016-10-23,218.22,220.62,218.22,218.22,2020
2016-10-24,214.86,214.86,213.42,213.42,500
2016-10-25,213.42,213.42,213.42,213.42,47
2016-11-07,210.07,210.07,210.07,210.07,96
2016-11-08,206.71,206.71,206.71,206.71,300
2016-11-10,203.35,203.35,203.35,203.35,127
2016-11-13,203.35,203.35,203.35,203.35,500
2016-11-14,203.35,209.59,203.35,209.59,720
2016-11-15,211.03,211.03,211.03,211.03,500
2016-11-16,211.03,212.94,207.67,212.94,4300
2016-11-17,213.42,213.42,213.42,213.42,60
2016-11-21,210.07,210.07,210.07,210.07,50
2016-11-22,206.71,206.71,200,200,883
2016-11-23,201.43,201.43,196.64,196.64,190
2016-11-24,194.24,194.24,188.01,188.01,824
2016-11-27,185.13,185.13,185.13,185.13,950
2016-11-29,182.25,182.25,176.49,177.45,1550
2016-12-01,179.37,190.88,179.37,190.88,1408
2016-12-04,193.76,193.76,190.88,190.88,300
2016-12-05,188.01,188.01,188.01,188.01,113
2016-12-06,187.05,187.05,187.05,187.05,300
2016-12-11,184.65,184.65,184.65,184.65,74
2016-12-12,181.77,183.21,181.77,183.21,1400
2016-12-14,184.65,184.65,180.81,180.81,2421
2016-12-15,183.69,183.69,179.37,183.69,2257
2016-12-18,180.81,180.81,180.81,180.81,1000
2016-12-19,178.41,178.41,177.93,177.93,904
2016-12-21,177.45,177.45,172.18,172.18,1340
2016-12-22,174.58,174.58,173.14,173.14,440
2016-12-26,170.74,170.74,170.26,170.74,1200
2016-12-27,172.66,172.66,167.38,167.86,1740
2016-12-28,169.78,170.26,169.78,170.26,389
2017-01-01,167.86,167.86,163.55,163.55,1000
2017-01-02,165.94,165.94,164.02,164.98,1750
2017-01-03,164.98,165.46,164.98,165.46,2500
2017-01-05,163.55,163.55,163.55,163.55,500
2017-01-08,165.46,165.46,163.55,165.46,400
2017-01-26,163.07,163.07,163.07,163.07,932
2017-02-12,160.67,160.67,158.27,158.27,770
2017-02-15,155.87,155.87,155.87,155.87,300
2017-02-16,153.47,155.87,148.68,148.68,1887
2017-02-19,151.08,151.08,136.69,140.52,3571
2017-02-20,141.48,141.48,139.57,139.57,626
2017-02-21,138.13,138.13,137.65,137.65,600
2017-02-22,135.73,137.17,133.81,133.81,2229
2017-02-23,133.81,133.81,131.89,133.81,485
2017-02-26,134.29,134.29,133.33,133.81,750
2017-02-28,135.25,136.69,135.25,136.69,50
2017-03-01,135.25,135.73,134.77,135.73,910
2017-03-02,136.69,138.61,134.77,134.77,3407
2017-03-05,134.77,138.61,134.77,134.77,4817
2017-03-06,136.69,136.69,135.25,136.69,1320
2017-03-14,136.69,136.69,134.77,136.69,2401
2017-03-16,138.61,140.52,137.17,137.17,3217
2017-03-19,137.17,138.13,138.13,138.13,3000
2017-03-20,139.09,141,137.65,141,1600
2017-03-21,139.09,143.4,139.09,143.4,6120
2017-03-22,143.88,149.16,143.88,149.16,2625
2017-03-23,151.56,161.15,151.56,161.15,4952
2017-03-26,163.55,174.1,163.55,174.1,5321
2017-03-28,174.1,188.48,175.06,188.48,7015
2017-03-29,188.48,191.36,181.29,181.29,6385
2017-03-30,181.29,182.25,175.54,178.41,2215
2017-04-02,181.29,184.17,181.29,183.21,1418
2017-04-03,187.05,198.56,184.65,184.65,12495
2017-04-04,184.65,191.84,184.65,189.44,3383
2017-04-06,189.44,189.44,184.65,187.05,1193
2017-04-09,188.96,191.84,187.05,187.05,2215
2017-04-10,184.17,187.53,184.17,187.05,1755
2017-04-11,189.92,189.92,185.61,188.48,3382
2017-04-12,191.36,197.6,191.36,196.64,3917
2017-04-13,193.76,193.76,188.01,189.92,8032
2017-04-16,193.28,193.28,187.53,187.53,6953
2017-04-18,189.44,192.32,187.05,188.48,1905
2017-04-19,188.48,197.12,188.48,194.24,3341
2017-04-20,197.12,197.12,186.57,189.44,4656
2017-04-23,189.44,194.72,188.96,188.96,4570
2017-04-24,189.44,192.32,188.96,190.88,3032
2017-04-25,192.8,192.8,186.57,188.01,6350
2017-04-26,189.44,197.12,189.44,197.12,1628
2017-04-27,200.47,204.79,199.04,199.04,793
2017-04-30,196.64,199.04,194.24,194.72,1220
2017-05-02,192.8,194.72,191.84,194.24,650
2017-05-03,192.8,194.72,190.88,193.28,3210
2017-05-04,191.36,193.28,187.53,191.84,3061
2017-05-07,194.72,200,187.05,187.05,5841
2017-05-08,189.92,191.36,187.05,187.05,1859
2017-05-09,187.05,195.68,189.92,192.8,2330
2017-05-11,189.92,191.84,188.96,189.44,1131
2017-05-15,187.53,189.92,187.53,189.92,400
2017-05-16,189.44,189.44,182.25,185.13,4250
2017-05-17,185.13,185.13,179.37,182.73,3600
2017-05-18,182.73,185.61,182.25,182.25,890
2017-05-21,181.29,184.17,181.29,184.17,697
2017-05-22,187.05,186.57,184.65,185.13,140
2017-05-23,187.05,187.05,184.17,184.17,320
2017-05-24,184.17,184.65,182.25,182.73,900
2017-05-28,185.61,185.61,180.33,182.73,2110
2017-05-30,179.85,179.85,179.85,179.85,50
2017-05-31,179.85,181.29,178.41,181.29,260
2017-06-01,179.85,179.85,178.41,179.85,512
2017-06-04,177.93,177.93,177.45,177.93,100
2017-06-05,175.06,177.45,172.66,173.14,5100
2017-06-06,175.54,182.73,172.66,179.85,17623
2017-06-07,182.73,189.92,177.45,178.89,17325
2017-06-08,181.29,181.29,177.45,178.41,12005
2017-06-11,178.41,180.81,175.06,177.45,4798
2017-06-12,177.93,178.89,172.66,172.66,4053
2017-06-13,172.66,172.66,169.78,172.66,3756
2017-06-14,175.54,176.97,169.78,169.78,6308
2017-06-15,172.18,174.58,170.74,172.66,11856
2017-06-18,171.89,170.36,166.52,166.52,890
2017-06-19,163.45,165.75,163.45,163.45,1225
2017-06-20,161.15,161.15,157.31,157.31,160
2017-06-21,160.38,160.38,151.94,155.01,820
2017-06-22,153.47,162.68,153.47,158.85,2372
2017-06-25,161.91,164.98,161.91,164.22,810
2017-07-02,161.91,161.91,158.85,161.15,539
2017-07-03,158.08,158.08,153.47,156.54,2105
2017-07-04,159.61,159.61,159.61,159.61,200
2017-07-05,162.68,162.68,159.61,159.61,160
2017-07-06,161.15,161.15,153.47,153.47,1442
2017-07-09,153.47,158.08,153.47,153.47,3270
2017-07-10,153.47,154.24,153.47,153.47,1400
2017-07-11,156.54,157.31,156.54,157.31,1151
2017-07-12,158.08,160.38,158.08,158.08,1446
2017-07-13,155.01,157.31,154.24,154.24,813
2017-07-16,157.31,161.15,157.31,161.15,110
2017-07-17,164.22,164.22,160.38,160.38,140
2017-07-18,161.91,164.22,161.91,164.22,590
2017-07-19,167.29,167.29,164.22,164.98,1507
2017-07-20,168.05,168.05,156.54,157.31,1420
2017-07-23,155.78,157.31,154.24,157.31,896
2017-07-24,156.54,157.31,154.24,157.31,2400
2017-07-25,158.08,158.08,154.24,155.01,1136
2017-07-26,157.31,159.61,155.78,156.54,835
2017-07-27,159.61,159.61,156.54,159.61,657
2017-07-30,157.31,157.31,154.24,157.31,1900
2017-07-31,157.31,158.85,153.47,158.85,2130
2017-08-01,159.61,161.15,158.08,158.08,1087
2017-08-02,157.31,157.31,155.78,155.78,2491
2017-08-03,155.78,155.78,153.47,153.47,2768
2017-08-06,153.47,153.47,153.47,153.47,350
2017-08-07,156.54,156.54,153.47,154.24,737
2017-08-09,153.47,156.54,153.47,153.47,800
2017-08-10,153.47,154.24,153.47,154.24,917
2017-08-13,155.78,155.78,148.1,148.1,1200
2017-08-15,149.64,150.4,145.8,145.8,445
2017-08-16,146.57,150.4,146.57,150.4,895
2017-08-17,152.71,155.01,152.71,155.01,2235
2017-08-20,151.94,151.94,148.87,148.87,1001
2017-08-22,150.4,155.01,150.4,150.4,3155
2017-08-23,152.71,152.71,151.17,151.17,310
2017-08-24,151.17,152.71,151.17,152.71,216
2017-08-27,152.71,153.47,152.71,153.47,170
2017-08-28,153.47,153.47,153.47,153.47,443
2017-08-31,153.47,151.94,151.94,151.94,50
2017-09-06,149.64,149.64,148.1,148.1,630
2017-09-07,145.8,145.8,145.03,145.03,1355
2017-09-10,142.73,142.73,133.52,142.73,5700
2017-09-11,141.96,141.96,139.66,141.96,112
2017-09-12,138.13,140.43,138.13,138.89,780
2017-09-13,138.13,138.13,138.13,138.13,100
2017-09-14,138.13,138.13,135.82,138.13,1375
2017-09-17,140.43,140.43,140.43,140.43,542
2017-09-18,138.13,138.89,138.13,138.89,600
2017-09-24,138.13,140.43,138.13,140.43,300
2017-09-25,138.13,138.13,135.82,135.82,750
2017-09-26,135.06,138.13,133.52,138.13,3247
2017-10-04,135.82,135.82,135.82,135.82,2
2017-10-08,140.43,140.43,138.13,138.13,130
2017-10-09,138.13,138.13,134.29,134.29,550
2017-10-11,134.29,134.29,134.29,134.29,200
2017-10-12,134.29,135.06,131.99,131.99,825
2017-10-16,134.29,138.89,134.29,138.89,830
2017-10-17,141.2,148.87,141.2,141.96,1087
2017-10-18,142.73,142.73,141.96,142.73,1235
2017-10-22,144.27,145.8,142.73,142.73,1100
2017-10-23,142.73,144.27,141.96,142.73,958
2017-10-24,142.73,141.96,138.13,141.96,485
2017-10-25,140.43,141.96,140.43,141.96,1080
2017-10-29,141.96,141.96,141.96,141.96,50
2017-10-31,139.66,141.96,139.66,141.96,200
2017-11-01,141.96,141.96,139.66,141.96,250
2017-11-06,139.66,139.66,139.66,139.66,500
2017-11-08,139.66,138.13,135.82,135.82,110
2017-11-09,137.36,138.13,137.36,138.13,570
2017-11-12,138.13,138.13,136.59,138.13,1753
2017-11-13,140.43,142.73,140.43,142.73,110
2017-11-14,140.43,140.43,140.43,140.43,400
2017-11-16,142.73,144.27,138.13,138.13,3575
2017-11-19,138.13,138.13,130.45,130.45,4380
2017-11-20,130.45,132.75,125.85,132.75,858
2017-11-21,131.22,131.22,129.69,131.22,1387
2017-11-22,129.69,133.52,128.15,129.69,3010
2017-11-23,128.15,131.99,129.69,131.22,2404
2017-11-26,131.22,133.52,130.45,130.45,211
2017-11-27,131.99,131.99,131.99,131.99,500
2017-11-28,130.45,132.75,130.45,131.99,923
2017-11-29,134.29,135.82,134.29,135.82,1531
2017-11-30,138.13,138.13,134.29,134.29,3050
2017-12-04,131.99,131.99,131.99,131.99,100
2017-12-05,131.99,138.13,131.99,138.13,2027
2017-12-06,138.13,138.89,135.82,138.13,880
2017-12-10,140.43,140.43,132.75,135.82,5824
2017-12-11,136.14,133.6,131.06,133.6,1443
2017-12-12,135.29,135.29,133.6,135.29,170
2017-12-13,132.75,137.83,130.22,137.83,775
2017-12-14,140.36,140.36,137.83,137.83,179
2017-12-17,135.29,135.29,135.29,135.29,200
2017-12-18,135.29,136.14,133.6,136.14,1100
2017-12-19,138.67,138.67,136.14,136.14,170
2017-12-20,133.6,135.29,133.6,133.6,560
2017-12-24,136.14,138.67,131.91,131.91,2320
2017-12-26,134.44,134.44,131.91,131.91,110
2017-12-27,129.37,131.06,126.83,131.06,715
2017-12-28,128.53,128.53,125.99,125.99,445
2017-12-31,125.14,125.14,125.14,125.14,70
2018-01-01,126.83,129.37,125.14,129.37,1060
2018-01-02,131.91,131.91,126.83,126.83,1974
2018-01-03,128.53,131.06,128.53,131.06,1000
2018-01-04,129.37,129.37,126.83,127.68,1681
2018-01-08,129.37,129.37,122.61,123.45,2371
2018-01-09,122.61,127.68,124.3,127.68,4390
2018-01-10,125.14,129.37,123.45,126.83,3646
2018-01-14,129.37,129.37,124.3,125.14,3741
2018-01-16,125.99,125.99,122.61,124.3,2344
2018-01-17,122.61,122.61,122.61,122.61,100
2018-01-21,122.61,122.61,122.61,122.61,100
2018-01-23,124.3,124.3,122.61,124.3,448
2018-01-24,122.61,122.61,122.61,122.61,300
2018-01-25,122.61,124.3,122.61,124.3,1220
2018-01-28,122.61,122.61,122.61,122.61,1720
2018-01-29,120.92,124.3,120.92,124.3,1135
2018-01-31,125.99,125.99,125.99,125.99,200
2018-02-01,127.68,127.68,125.14,127.68,518
2018-02-04,130.22,130.22,128.53,128.53,130
2018-02-05,127.68,127.68,125.14,125.14,6881
2018-02-06,123.45,123.45,123.45,123.45,99
2018-02-07,124.3,124.3,124.3,124.3,15
2018-02-11,124.3,124.3,123.45,122.61,75
2018-02-12,124.3,124.3,124.3,124.3,91
2018-02-14,123.45,125.14,122.61,122.61,1440
2018-02-15,124.3,127.68,124.3,127.68,506
2018-02-18,127.68,131.06,127.68,127.68,2220
2018-02-21,127.68,127.68,125.14,125.14,150
2018-02-22,125.14,125.14,125.14,125.14,30
2018-02-25,126.83,126.83,124.3,124.3,60
2018-02-27,122.61,125.99,122.61,124.3,885
2018-02-28,123.45,123.45,122.61,123.45,600
2018-03-06,119.22,119.22,117.53,117.53,430
2018-03-07,118.38,121.76,116.69,119.22,6301
2018-03-11,119.22,118.38,112.46,112.46,261
2018-03-12,112.46,114.15,112.46,112.46,910
2018-03-13,114.15,114.15,114.15,114.15,100
2018-03-14,115.84,115.84,115,115,770
2018-03-15,115,115,114.15,115,250
2018-03-18,113.31,113.31,113.31,113.31,200
2018-03-19,111.61,112.46,111.61,112.46,553
2018-03-20,109.92,109.92,105.7,105.7,1585
2018-03-21,106.54,109.08,104,109.08,2220
2018-03-22,109.08,111.61,106.54,106.54,4350
2018-03-26,104.85,105.7,103.16,103.16,2065
2018-03-27,102.31,103.16,99.78,103.16,4850
2018-03-28,103.16,104.85,101.47,101.47,7250
2018-03-29,101.47,104,101.47,104,2260
2018-04-01,104,104.85,103.16,104,1761
2018-04-02,104.85,106.54,104,106.54,635
2018-04-04,108.23,111.61,108.23,111.61,420
2018-04-05,113.31,115,110.77,112.46,1110
2018-04-08,114.15,115,112.46,112.46,1260
2018-04-09,114.15,114.15,109.92,109.92,2616
2018-04-10,109.92,111.61,108.23,109.08,1562
2018-04-11,109.08,109.08,109.08,109.08,395
2018-04-12,109.92,111.61,109.92,111.61,1750
2018-04-15,111.61,109.92,109.92,109.92,692
2018-04-16,111.61,113.31,111.61,113.31,1196
2018-04-17,113.31,116.69,114.15,115.84,3620
2018-04-18,117.53,120.92,117.53,120.92,466
2018-04-19,119.22,119.22,117.53,119.22,280
2018-04-22,119.22,121.76,118.38,121.76,5510
2018-04-23,121.76,123.45,119.22,121.76,3352
2018-04-24,120.07,120.07,120.07,120.07,64
2018-05-02,120.07,118.38,116.69,116.69,58
2018-05-03,116.69,118.38,115,116.69,2695
2018-05-06,115,115,115,115,300
2018-05-07,113.31,115,109.92,115,1185
2018-05-08,115,116.69,113.31,116.69,1436
2018-05-09,116.69,116.69,116.69,116.69,107
2018-05-10,116.69,115,111.61,112.46,3008
2018-05-14,110.77,110.77,107.39,108.23,1691
2018-05-16,107.39,107.39,107.39,107.39,74
2018-05-17,109.08,109.08,106.54,106.54,1054
2018-05-20,105.7,105.7,104.85,104.85,550
2018-05-21,104.85,107.39,104.85,106.54,3369
2018-05-22,106.54,106.54,104,104,2150
2018-05-23,105.7,105.7,105.7,105.7,91
2018-05-24,105.7,106.54,105.7,105.7,560
2018-05-27,104,105.7,104,105.7,204
2018-05-28,105.7,109.08,105.7,109.08,554
2018-05-29,107.39,107.39,107.39,107.39,1400
2018-05-30,105.7,107.39,105.7,107.39,202
2018-06-03,105.7,105.7,105.7,105.7,200
2018-06-06,104,104,104,104,300
2018-06-07,103.16,104.85,102.31,102.31,1330
2018-06-10,100.62,102.31,100.62,102.31,350
2018-06-11,98.93,100.62,98.93,100.62,1200
2018-06-12,102.31,102.31,101.47,101.47,654
2018-06-13,104,105.7,104,105.7,2840
2018-06-14,107.39,107.39,104,104.85,284
2018-06-17,102.31,102.31,102.31,102.31,46
2018-06-18,101.47,103.16,101.47,103.16,674
2018-06-19,103.16,103.16,101.47,101.47,75
2018-06-21,103.16,104.85,103.16,104.85,2080
2018-06-24,104.85,108.23,104.85,108.23,6060
2018-06-25,108.23,108.23,106.54,106.54,4060
2018-06-26,104.85,104.85,104.85,104.85,326
2018-06-28,105.7,105.7,104,104,207
2018-07-01,105.7,105.7,104,104.85,4200
2018-07-02,103.16,103.16,101.47,103.16,970
2018-07-03,103.16,103.16,103.16,103.16,290
2018-07-04,103.16,104.85,103.16,104.85,2403
2018-07-05,106.54,106.54,105.7,105.7,153
2018-07-08,104.85,104.85,103.16,103.16,700
2018-07-09,101.47,101.47,101.47,101.47,3000
2018-07-10,103.16,103.16,101.47,101.47,116
2018-07-11,103.16,104.85,103.16,103.16,300
2018-07-12,101.47,103.16,101.47,103.16,42
2018-07-15,101.47,101.47,99.78,101.47,667
2018-07-16,103.16,103.16,102.31,103.16,2135
2018-07-17,104.85,108.23,104.85,106.54,2780
2018-07-19,104.85,104.85,104,104,1956
2018-07-22,102.31,104,102.31,104,238
2018-07-24,104,106.54,104,104.85,2378
2018-07-25,106.54,107.39,104,104,2463
2018-07-26,105.7,107.39,104,104,4341
2018-07-29,105.7,105.7,103.16,103.16,2791
2018-07-30,104,104.85,103.16,104,1427
2018-07-31,106.54,107.39,105.7,107.39,855
2018-08-01,105.7,105.7,104,104.85,4200
2018-08-02,105.7,105.7,105.7,105.7,340
2018-08-05,104,104,104,104,1000
2018-08-06,103.16,103.16,103.16,103.16,220
2018-08-07,101.47,101.47,101.47,101.47,700
2018-08-08,102.31,103.16,100.62,103.16,2940
2018-08-09,104,104,103.16,103.16,605
2018-08-12,101.47,101.47,99.78,100.62,7789
2018-08-13,99.78,104.85,99.78,103.16,1509
2018-08-14,104.85,108.23,104.85,107.39,3902
2018-08-15,106.54,108.23,105.7,107.39,2140
2018-08-16,107.39,109.08,107.39,107.39,1077
2018-08-19,105.7,109.08,105.7,109.08,4800
2018-08-20,107.39,108.23,105.7,106.54,5766
2018-08-21,104.85,105.7,104.85,104.85,2095
2018-08-22,103.16,104,102.31,104,174
2018-08-23,102.31,103.16,102.31,103.16,1092
2018-08-29,103.16,103.16,103.16,103.16,346
2018-08-30,103.16,103.16,103.16,103.16,200
2018-09-05,104.85,104.85,104.85,104.85,50
2018-09-06,106.54,106.54,104.85,104.85,159
2018-09-09,104,104,104,104,500
2018-09-13,104,107.39,104,107.39,600
2018-09-16,109.08,109.08,109.08,109.08,110
2018-09-18,110.77,110.77,107.39,108.23,770
2018-09-20,105.7,105.7,105.7,105.7,99
2018-09-25,104,107.39,104,107.39,2317
2018-09-26,109.08,110.77,109.08,109.08,86
2018-09-27,107.39,107.39,106.54,106.54,982
2018-09-30,106.54,106.54,106.54,106.54,500
2018-10-01,108.23,108.23,106.54,106.54,907
2018-10-02,108.23,108.23,106.54,106.54,2150
2018-10-03,106.54,106.54,105.7,105.7,435
2018-10-04,104.85,104.85,104.85,104.85,300
2018-10-07,105.7,105.7,103.16,104,2005
2018-10-08,101.47,104.85,101.47,104.85,1303
2018-10-09,106.54,106.54,106.54,106.54,1815
2018-10-10,108.23,108.23,108.23,108.23,200
2018-10-23,106.54,106.54,106.54,106.54,20
2018-10-24,108.23,109.08,107.39,108.23,2457
2018-10-25,109.08,109.08,108.23,108.23,500
2018-10-28,108.23,109.08,108.23,109.08,1330
2018-10-29,109.92,109.92,108.23,109.08,530
2018-10-30,107.39,108.23,106.54,107.39,1126
2018-11-04,105.7,107.39,105.7,106.54,5904
2018-11-14,106.54,106.54,104.85,104.85,120
2018-11-15,104.85,104.85,103.16,103.16,15
2018-11-18,103.16,103.16,101.47,101.47,142
2018-11-21,101.47,101.47,100.62,101.47,350
2018-11-25,101.47,103.16,99.78,99.78,1824
2018-11-27,99.78,100.62,99.78,99.78,650
2018-11-29,99.78,99.78,98.09,98.09,837
2018-12-02,98.09,98.93,97.24,97.24,1058
2018-12-06,98.93,100.62,98.93,100.62,500
2018-12-09,100.62,100.62,99.78,99.78,348
2018-12-10,99.78,102.31,99.78,102.31,30
2018-12-12,102.31,102.31,102.31,102.31,0
2018-12-13,104,105.7,104,104.85,120
2018-12-16,104.85,105.7,104.85,105.7,214
2018-12-20,105.7,105.7,104,104,55
2018-12-23,102.31,104,102.31,104,98
2018-12-24,104,104,104,104,500
2018-12-25,104,104,102.31,102.31,30
2018-12-26,102.31,104,102.31,102.31,104
2018-12-27,102.31,104,102.31,104,1340
2018-12-30,104,104,100.62,102.31,766
2019-01-01,102.31,102.31,100.62,100.62,353
2019-01-06,100.62,100.62,98.93,98.93,865
2019-01-10,98.93,98.93,98.93,98.93,485
2019-01-14,98.93,102.31,98.93,102.31,309
2019-01-15,102.31,103.16,100.62,103.16,1010
2019-01-17,103.16,103.16,101.47,101.47,200
2019-01-24,101.47,104,101.47,104,1512
2019-01-27,104,104,102.31,103.16,32
2019-01-28,103.16,103.16,100.62,102.31,1157
2019-01-29,102.31,104,102.31,103.16,1324
2019-01-30,103.16,104.85,103.16,103.16,244
2019-01-31,103.16,103.16,101.47,101.47,800
2019-02-03,99.78,101.47,99.78,101.47,620
2019-02-04,103.16,103.16,99.78,99.78,390
2019-02-05,101.47,103.16,99.78,103.16,450
2019-02-06,102.31,103.16,100.62,101.47,630
2019-02-07,103.16,103.16,101.47,102.31,82
2019-02-10,102.31,102.31,98.93,98.93,3296
2019-02-11,98.09,100.62,97.24,100.62,1414
2019-02-12,98.93,100.62,98.93,99.78,1210
2019-02-13,98.93,99.78,98.09,98.09,1400
2019-02-14,98.09,98.09,97.24,97.24,644
2019-02-19,96.39,97.24,96.39,97.24,748
2019-02-20,98.09,98.93,97.24,97.24,1251
2019-02-21,95.55,97.24,95.55,95.55,169
2019-02-24,95.55,96.39,95.55,96.39,190
2019-02-25,94.7,96.39,93.86,93.86,763
2019-02-26,93.86,93.86,93.86,93.86,21
2019-03-03,93.86,94.7,93.86,93.86,1350
2019-03-05,95.55,95.55,93.86,95.55,100
2019-03-06,94.7,98.09,94.7,98.09,700
2019-03-07,99.78,99.78,96.39,96.39,1257
2019-03-11,96.39,98.09,96.39,96.39,1859
2019-03-13,98.09,101.47,96.39,101.47,50
2019-03-14,100.62,100.62,100.62,100.62,148
2019-03-17,102.31,102.31,102.31,102.31,90
2019-03-18,100.62,101.47,99.78,99.78,800
2019-03-19,99.78,99.78,98.93,98.93,238
2019-03-21,98.93,101.47,98.93,101.47,582
2019-03-24,100.62,100.62,100.62,100.62,406
2019-03-25,98.93,100.62,98.93,99.78,788
2019-03-27,98.93,97.24,97.24,97.24,88
2019-04-01,98.93,101.47,98.93,101.47,1095
2019-04-02,101.47,101.47,101.47,101.47,330
2019-04-03,103.16,103.16,101.47,101.47,1146
2019-04-04,100.62,104,100.62,104,120
2019-04-07,102.31,102.31,102.31,102.31,69
2019-04-08,102.31,104,101.47,104,1458
2019-04-09,104,104,102.31,102.31,115
2019-04-11,101.47,103.16,101.47,103.16,981
2019-04-15,101.47,101.47,101.47,101.47,1055
2019-04-17,101.47,104.85,101.47,101.47,1200
2019-04-18,100.62,101.47,100.62,101.47,1100
2019-04-21,99.78,101.47,99.78,100.62,1363
2019-04-23,100.62,100.62,100.62,100.62,100
2019-04-24,102.31,104,102.31,104,86
2019-04-25,102.31,104,102.31,104,491
2019-04-28,102.31,102.31,102.31,102.31,800
2019-04-29,100.62,102.31,100.62,100.62,1880
2019-04-30,100.62,100.62,100.62,100.62,30
2019-05-02,100.62,100.62,100.62,100.62,20
2019-05-05,99.78,99.78,98.93,98.93,220
2019-05-06,99.78,101.47,99.78,101.47,4651
2019-05-07,101.47,101.47,100.62,100.62,1758
2019-05-08,100.62,101.47,100.62,100.62,430
2019-05-09,100.62,100.62,100.62,100.62,814
2019-05-12,100.62,102.31,100.62,102.31,200
2019-05-13,102.31,102.31,100.62,100.62,483
2019-05-14,102.31,103.16,101.47,103.16,1143
2019-05-15,103.16,104.85,103.16,104.85,267
2019-05-16,106.54,108.23,106.54,107.39,1530
2019-05-19,105.7,105.7,102.31,102.31,4548
2019-05-20,104,104,103.16,103.16,2045
2019-05-21,101.47,106.54,99.78,106.54,1526
2019-05-22,108.23,108.23,104,104,2082
2019-05-23,103.16,104,103.16,104,1050
2019-05-26,103.16,104,102.31,102.31,1038
2019-05-27,103.16,104.85,103.16,104.85,740
2019-05-28,104.85,105.7,104.85,104.85,552
2019-05-29,105.7,109.92,105.7,106.54,2026
2019-05-30,106.54,106.54,104.85,105.7,1579
2019-06-02,107.39,109.08,107.39,109.08,1615
2019-06-03,107.39,107.39,105.7,105.7,867
2019-06-04,107.39,107.39,105.7,105.7,1288
2019-06-06,107.39,115.84,107.39,115.84,2888
2019-06-10,117.53,119.22,115,116.69,3677
2019-06-11,115,115,112.46,115,1681
2019-06-13,114.15,114.15,114.15,114.15,270
2019-06-16,114.15,114.15,113.31,113.31,152
2019-06-17,111.61,111.61,106.54,108.23,1513
2019-06-18,106.54,108.23,106.54,108.23,1002
2019-06-19,109.92,109.92,108.23,108.23,30
2019-06-20,109.92,109.92,108.23,108.23,120
2019-06-23,109.08,109.08,108.23,108.23,544
2019-06-24,109.08,110.77,109.08,110.77,2823
2019-06-25,109.08,115.84,109.08,112.46,6593
2019-06-26,110.77,112.46,109.92,109.92,580
2019-06-27,108.23,109.92,108.23,109.92,1575
2019-06-30,109.08,109.92,109.08,109.08,550
2019-07-01,108.23,110.77,108.23,110.77,745
2019-07-02,111.61,112.46,109.08,110.77,870
2019-07-03,109.92,112.46,109.92,112.46,2092
2019-07-04,112.46,112.46,112.46,112.46,500
2019-07-07,111.61,111.61,111.61,111.61,1389
2019-07-08,113.31,113.31,112.46,112.46,1237
2019-07-10,113.31,114.15,113.31,113.31,1113
2019-07-11,112.46,112.46,111.61,112.46,2599
2019-07-14,114.15,114.15,112.46,112.46,147
2019-07-15,114.15,114.15,114.15,114.15,633
2019-07-16,112.46,114.15,109.08,114.15,650
2019-07-17,114.15,114.15,114.15,114.15,276
2019-07-18,115,115.84,114.15,114.15,1705
2019-07-22,112.46,114.15,112.46,114.15,1651
2019-07-23,113.31,113.31,112.46,112.46,1304
2019-07-24,114.15,115.84,113.31,113.31,54
2019-07-25,113.31,113.31,113.31,113.31,100
2019-07-28,111.61,111.61,111.61,111.61,400
2019-07-29,113.31,115,113.31,114.15,540
2019-07-30,115,115,113.31,113.31,647
2019-07-31,115,115.84,115,115.84,286
2019-08-01,115,115,113.31,113.31,935
2019-08-04,115,115,115,115,70
2019-08-05,113.31,113.31,111.61,111.61,1528
2019-08-06,111.61,111.61,109.92,111.61,1100
2019-08-07,112.46,112.46,112.46,112.46,247
2019-08-08,110.77,110.77,109.08,109.92,210
2019-08-11,111.61,113.31,109.92,109.92,2707
2019-08-12,111.61,115,111.61,115,239
2019-08-13,115,116.69,115,115,270
2019-08-14,113.31,113.31,111.61,111.61,169
2019-08-15,113.31,113.31,113.31,113.31,20
2019-08-18,115,118.38,114.15,117.53,5492
2019-08-19,119.22,119.22,117.53,119.22,2441
2019-08-20,120.07,120.07,118.38,118.38,421
2019-08-21,117.53,119.22,117.53,119.22,6299
2019-08-22,120.92,120.92,119.22,119.22,60
2019-08-25,117.53,117.53,115.84,117.53,1610
2019-08-26,119.22,119.22,116.69,116.69,1110
2019-08-27,115.84,118.38,115,116.69,3112
2019-08-28,118.38,118.38,116.69,116.69,120
2019-08-29,121.76,121.76,115,116.69,2510
2019-09-01,115.84,115.84,115,115.84,835
2019-09-02,115.84,118.38,115.84,118.38,5225
2019-09-03,117.53,117.53,115,117.53,3851
2019-09-04,117.53,117.53,117.53,117.53,193
2019-09-05,116.69,116.69,115,115,750
2019-09-08,115,117.53,115,117.53,3171
2019-09-09,118.38,118.38,115.84,116.69,1463
2019-09-10,115,118.38,114.15,114.15,4256
2019-09-11,113.31,115,113.31,115,1250
2019-09-12,116.69,118.38,114.15,117.53,1443
2019-09-15,117.53,117.53,114.15,114.15,2050
2019-09-16,119.22,119.22,112.46,112.46,1321
2019-09-17,114.15,117.53,111.61,115,3335
2019-09-18,109.92,115.84,109.92,115.84,1002
2019-09-19,115.84,115.84,114.15,114.15,1110
2019-09-22,115.84,115.84,109.92,112.46,2675
2019-09-23,114.15,114.15,112.46,112.46,540
2019-09-24,111.61,113.31,110.77,110.77,3195
2019-09-26,111.61,111.61,111.61,111.61,400
2019-09-29,112.46,113.31,112.46,112.46,900
2019-09-30,114.15,117.53,114.15,115.84,170
2019-10-01,114.15,117.53,112.46,114.15,1175
2019-10-02,112.46,112.46,110.77,110.77,280
2019-10-03,112.46,112.46,109.92,109.92,4653
2019-10-10,111.61,118.38,111.61,118.38,150
2019-10-14,120.07,121.76,111.61,112.46,6162
2019-10-15,110.77,117.53,110.77,114.15,2602
2019-10-16,112.46,113.31,110.77,110.77,2700
2019-10-17,112.46,115,111.61,111.61,400
2019-10-20,113.31,116.69,113.31,113.31,2725
2019-10-21,115,116.69,112.46,112.46,210
2019-10-22,114.15,115.84,114.15,114.15,110
2019-10-23,115.84,119.22,115.84,119.22,100
2019-10-24,117.53,117.53,115.84,115.84,70
2019-10-31,115,115.84,114.15,114.15,535
2019-11-03,112.46,112.46,112.46,112.46,35
2019-11-04,110.77,112.46,110.77,110.77,1202
2019-11-05,112.46,115.84,112.46,115.84,110
2019-11-06,114.15,114.15,111.61,111.61,2784
2019-11-07,111.61,112.46,110.77,110.77,3069
2019-11-11,110.77,112.46,110.77,112.46,250
2019-11-12,110.77,112.46,110.77,110.77,225
2019-11-13,110.77,110.77,109.08,109.92,1778
2019-11-14,109.92,118.38,111.61,117.53,255
2019-11-17,115.84,115.84,110.77,110.77,165
2019-11-18,112.46,114.15,112.46,114.15,70
2019-11-19,112.46,112.46,112.46,112.46,340
2019-11-20,114.15,114.15,114.15,114.15,50
2019-11-21,112.46,112.46,112.46,112.46,10
2019-11-24,112.46,112.46,107.39,109.08,4420
2019-11-25,109.08,109.08,106.54,106.54,1634
2019-11-26,108.23,109.08,107.39,108.23,8573
2019-11-27,109.92,109.92,109.92,109.92,415
2019-11-28,109.08,109.08,108.23,108.23,490
2019-12-01,109.08,110.77,109.08,110.77,85
2019-12-02,109.08,110.77,109.08,110.77,276
2019-12-03,110.77,110.77,109.08,109.92,452
2019-12-04,109.92,110.77,109.92,110.77,423
2019-12-05,109.08,110.77,109.08,110.77,1804
2019-12-08,109.92,110.77,109.08,109.08,260
2019-12-09,110.77,112.46,109.92,111.61,1109
2019-12-10,111.61,111.61,110.77,110.77,410
2019-12-11,110.77,115,110.77,115,1047
2019-12-12,113.31,115.84,113.31,115.84,270
2019-12-15,115,115,111.61,111.61,709
2019-12-16,115,115,111.61,111.61,124
2019-12-17,111.61,111.61,111.61,111.61,52
2019-12-19,113.31,115.84,113.31,115.84,333
2019-12-22,116.69,116.69,114.15,114.15,833
2019-12-23,115.84,117.53,114.15,115.84,297
2019-12-24,120.92,120.92,114.15,114.15,2768
2019-12-25,114.15,115.84,112.46,115,8133
2019-12-26,115,115,113.31,114.15,2500
2019-12-29,114.15,115.84,112.46,115,6445
2019-12-30,116.69,117.53,114.15,114.15,2336
2019-12-31,115.84,117.53,115.84,116.69,4510
2020-01-01,115,115,109.92,109.92,374
2020-01-02,109.08,109.08,104.85,106.54,340
2020-01-05,107.39,115,107.39,108.23,404
2020-01-06,108.23,108.23,108.23,108.23,100
2020-01-07,109.92,113.31,109.92,109.92,3156
2020-01-08,111.61,111.61,109.92,109.92,1586
2020-01-09,111.61,113.31,111.61,111.61,322
2020-01-12,111.61,113.31,109.92,112.46,3938
2020-01-13,114.15,115.84,111.61,114.15,10993
2020-01-14,114.15,119.22,112.46,119.22,4136
2020-01-15,117.53,124.3,114.15,119.22,11096
2020-01-16,120.92,124.3,117.53,117.53,4758
2020-01-19,120.92,131.06,120.92,131.06,21422
2020-01-20,128.53,131.06,124.3,125.14,21376
2020-01-21,127.68,130.22,123.45,125.14,6188
2020-01-22,125.99,130.22,124.3,127.68,5003
2020-01-23,128.53,129.37,124.3,124.3,4250
2020-01-26,122.61,125.99,122.61,124.3,942
2020-01-27,124.3,127.68,120.92,125.14,4043
2020-01-28,126.83,128.53,123.45,123.45,687
2020-01-29,122.61,124.3,120.07,120.07,1275
2020-01-30,121.76,126.83,120.92,120.92,2977
2020-02-02,121.76,125.14,121.76,123.45,2692
2020-02-03,121.76,121.76,120.07,120.07,70
2020-02-04,121.76,129.37,121.76,125.14,2403
2020-02-05,126.83,128.53,124.3,125.14,3226
2020-02-06,126.83,126.83,121.76,125.99,1640
2020-02-09,127.68,135.29,126.83,127.68,3248
2020-02-10,126.83,126.83,123.45,123.45,4440
2020-02-11,125.14,126.83,123.45,124.3,4619
2020-02-12,125.99,129.37,124.3,124.3,2298
2020-02-13,125.99,132.75,124.3,125.14,1400
2020-02-16,126.83,131.91,125.99,126.83,2270
2020-02-17,124.3,131.91,124.3,128.53,7263
2020-02-18,130.22,130.22,126.83,128.53,4669
2020-02-19,128.53,137.83,128.53,129.37,3727
2020-02-20,129.37,131.91,129.37,129.37,3484
2020-02-23,131.06,136.14,128.53,133.6,12329
2020-02-24,133.6,139.52,128.53,133.6,7378
2020-02-25,132.75,139.52,132.75,139.52,9385
2020-02-26,142.05,149.66,139.52,144.59,4877
2020-02-27,143.75,145.44,141.21,142.9,6568
2020-03-01,142.9,147.97,143.75,144.59,12805
2020-03-02,142.05,143.75,139.52,140.36,2098
2020-03-03,140.36,142.9,137.83,138.67,12011
2020-03-04,136.14,141.21,132.75,132.75,8411
2020-03-05,132.75,137.83,132.75,133.6,2399
2020-03-10,131.06,131.06,131.06,131.06,300
2020-03-11,128.53,136.14,126.83,136.14,5865
2020-03-12,135.29,135.29,132.75,132.75,660
2020-03-15,132.75,132.75,125.14,126.83,2512
2020-03-16,126.83,126.83,123.45,123.45,3587
2020-03-17,122.61,122.61,116.69,116.69,9310
2020-03-18,115,115,111.61,113.31,6180
2020-03-19,111.61,116.69,109.92,116.69,4430
2020-03-22,115,115,115,115,50
2020-05-13,113.31,113.31,111.61,111.61,72
2020-06-29,113.31,120.07,113.31,118.38,5176
2020-06-30,120.07,123.45,120.07,123.45,680
2020-07-01,123.45,125.14,123.45,125.14,129
2020-07-02,126.83,131.91,126.83,129.37,1972
2020-07-05,129.37,133.6,125.14,125.14,810
2020-07-06,126.83,126.83,126.83,126.83,170
2020-07-07,127.68,127.68,125.14,125.14,6692
2020-07-08,126.83,126.83,124.3,124.3,1451
2020-07-09,124.3,124.3,122.61,123.45,1636
2020-07-12,123.45,123.45,122.61,122.61,300
2020-07-13,124.3,124.3,122.61,122.61,3595
2020-07-14,116.69,123.45,116.69,119.22,6741
2020-07-15,113.31,125.14,113.31,122.61,1550
2020-07-16,121.76,129.37,121.76,126.83,2017
2020-07-20,132.75,139.52,125.99,127.68,6656
2020-07-21,130.22,134.44,127.68,128.53,5287
2020-07-22,128.53,128.53,125.99,125.99,1844
2020-07-23,124.3,130.22,124.3,129.37,1365
2020-07-26,131.06,133.6,127.68,133.6,8432
2020-07-27,136.14,136.14,129.37,129.37,5925
2020-07-28,131.91,131.91,129.37,129.37,1680
2020-07-29,128.53,130.22,128.53,130.22,2397
2020-07-30,128.53,129.37,127.68,127.68,1920
2020-08-02,127.68,128.53,125.14,125.14,3270
2020-08-03,126.83,126.83,125.99,126.83,1434
2020-08-05,125.14,125.99,122.61,122.61,1956
2020-08-06,124.3,126.83,122.61,122.61,2881
2020-08-09,124.3,126.83,124.3,126.83,530
2020-08-10,128.53,131.06,128.53,130.22,2672
2020-08-11,129.37,131.06,128.53,130.22,10745
2020-08-12,127.68,128.53,127.68,128.53,867
2020-08-13,128.53,128.53,127.68,127.68,610
2020-08-16,126.83,126.83,125.14,126.83,2780
2020-08-17,125.99,126.83,123.45,125.14,3145
2020-08-18,125.99,129.37,125.99,128.53,665
2020-08-19,127.68,127.68,125.99,125.99,6921
2020-08-20,126.83,126.83,126.83,126.83,80
2020-08-23,125.99,128.53,125.99,128.53,883
2020-08-24,126.83,129.37,125.99,129.37,829
2020-08-25,131.91,136.98,126.83,128.53,2900
2020-08-26,128.53,130.22,128.53,129.37,2310
2020-08-27,128.53,128.53,127.68,128.53,3023
2020-08-30,128.53,130.22,130.22,130.22,10
2020-08-31,127.68,129.37,126.83,127.68,4344
2020-09-02,127.68,131.91,127.68,130.22,5137
2020-09-03,130.22,131.06,128.53,128.53,6236
2020-09-06,134.44,134.44,127.68,127.68,3350
2020-09-07,126.83,127.68,126.83,126.83,2240
2020-09-08,129.37,129.37,127.68,129.37,2573
2020-09-09,127.68,134.44,127.68,134.44,11078
2020-09-10,131.91,136.98,130.22,133.6,3090
2020-09-13,133.6,133.6,131.06,132.75,1531
2020-09-14,131.91,135.29,131.06,133.6,4855
2020-09-15,134.44,135.29,132.75,133.6,3120
2020-09-16,132.75,134.44,132.75,134.44,1630
2020-09-17,136.14,147.13,135.29,147.13,36490
2020-09-20,153.89,161.5,152.2,158.12,27177
2020-09-21,165.73,165.73,152.2,154.74,9104
2020-09-22,154.74,156.43,146.28,148.82,15973
2020-09-23,148.82,150.51,144.59,149.66,12991
2020-09-24,147.97,153.89,147.97,151.36,9410
2020-09-27,153.89,164.88,152.2,158.12,18236
2020-09-28,160.66,163.19,153.05,157.27,22509
2020-09-29,159.81,159.81,153.05,155.58,17108
2020-09-30,155.58,158.12,153.05,154.74,10903
2020-10-01,153.89,157.27,153.05,156.43,15585
2020-10-04,156.43,158.12,155.58,156.43,7210
2020-10-05,153.89,157.27,152.2,152.2,24635
2020-10-06,151.36,158.12,151.36,155.58,7939
2020-10-07,153.89,166.58,153.05,164.04,23304
2020-10-08,166.58,175.03,166.58,167.42,48156
2020-10-11,169.11,175.88,165.73,173.34,60030
2020-10-12,173.34,173.34,167.42,169.11,14001
2020-10-13,169.96,169.96,163.19,163.19,19717
2020-10-14,160.66,164.88,158.12,163.19,7810
2020-10-15,165.73,165.73,157.27,160.66,19659
2020-10-18,160.66,162.35,158.97,159.81,2541
2020-10-19,162.35,162.35,160.66,162.35,2390
2020-10-20,164.04,164.04,160.66,161.5,5969
2020-10-21,164.04,165.73,162.35,165.73,5030
2020-10-22,166.58,168.27,164.88,166.58,9099
2020-10-28,164.88,172.49,164.04,171.65,15230
2020-10-29,174.19,174.19,168.27,169.11,8259
2020-11-01,169.11,169.11,164.88,167.42,2630
2020-11-02,169.96,171.65,164.04,164.88,13959
2020-11-03,167.42,172.49,166.58,169.96,5809
2020-11-04,169.11,169.96,168.27,168.27,4775
2020-11-05,169.11,169.11,166.58,166.58,5830
2020-11-08,165.73,169.96,165.73,168.27,7639
2020-11-09,168.27,168.27,166.58,168.27,3247
2020-11-10,168.27,169.11,166.58,169.11,6720
2020-11-11,172.49,177.57,169.96,177.57,56625
2020-11-12,180.95,181.8,175.88,177.57,27224
2020-11-18,174.19,180.1,174.19,179.26,22316
2020-11-19,180.95,196.17,176.72,196.17,23919
2020-11-22,196.17,197.86,179.26,186.87,15781
2020-11-23,186.87,186.87,177.57,179.26,8574
2020-11-24,179.26,186.87,179.26,186.02,20827
2020-11-25,182.64,190.25,180.1,190.25,51316
2020-11-26,190.25,190.25,182.64,185.18,6130
2020-11-29,185.18,197.02,182.64,190.25,19037
2020-11-30,193.63,200.4,184.33,186.02,8847
2020-12-01,176.72,186.87,176.72,181.8,8586
2020-12-02,184.33,184.33,177.57,180.95,12783
2020-12-03,184.33,184.33,173.34,176.72,12586
2020-12-06,185.18,185.18,171.65,171.65,6639
2020-12-07,172.49,177.57,170.8,177.57,4771
2020-12-08,180.1,180.1,171.65,171.65,7514
2020-12-09,175.03,175.03,169.96,172.49,1862
2020-12-10,175.03,175.03,169.11,173.34,3313
2020-12-13,173.34,174.19,169.11,173.34,18231
2020-12-14,174.19,186.87,173.34,183.49,21977
2020-12-15,183.49,188.56,179.26,181.8,8242
2020-12-16,179.26,180.95,175.88,175.88,7302
2020-12-17,174.19,179.26,173.34,175.03,5171
2020-12-20,173.34,190.25,172.49,172.49,21233
2020-12-21,169.11,180.95,166.58,179.26,12008
2020-12-22,182.64,186.02,175.88,179.26,19894
2020-12-23,175.88,178.41,175.03,178.41,3199
2020-12-24,179.26,179.26,172.49,176.72,2986
2020-12-27,175.03,177.57,173.34,174.19,6174
2020-12-28,172.49,175.03,171.65,175.03,2910
2020-12-29,175.03,175.03,174.19,174.19,13285
2020-12-30,170.8,175.88,157.27,169.96,10659
2020-12-31,170.8,180.1,170.8,180.1,18932
2021-01-03,179.65,181.48,175.99,181.48,4255
2021-01-04,181.48,181.48,177.82,177.82,9020
2021-01-05,176.9,179.65,175.99,176.9,3084
2021-01-06,178.74,179.65,176.9,176.9,1520
2021-01-07,176.9,179.65,176.9,178.74,5284
2021-01-10,178.74,186.07,178.74,182.4,10573
2021-01-11,185.15,187.9,185.15,187.9,15509
2021-01-12,190.65,191.57,187.9,189.73,9909
2021-01-13,192.48,205.32,190.65,205.32,23605
2021-01-17,205.32,212.65,201.65,208.98,29584
2021-01-18,210.82,213.57,202.57,202.57,25407
2021-01-19,206.23,219.98,204.4,219.98,37714
2021-01-20,216.32,235.56,212.65,228.23,27575
2021-01-21,231.9,245.65,221.81,241.06,31828
2021-01-24,252.98,257.56,240.15,256.65,69019
2021-01-25,261.23,263.98,249.31,249.31,23652
2021-01-26,244.73,249.31,236.48,245.65,19621
2021-01-27,241.06,250.23,228.23,245.65,34346
2021-01-28,245.65,245.65,230.98,230.98,14960
2021-01-31,235.56,235.56,211.73,213.57,25514
2021-02-01,215.4,234.65,215.4,229.15,22997
2021-02-02,229.15,242.9,218.15,230.98,20065
2021-02-03,232.81,235.56,219.07,224.56,51542
2021-02-04,235.56,235.56,219.07,219.98,10977
2021-02-07,219.98,230.98,219.98,228.23,13740
2021-02-08,225.48,235.56,221.81,235.56,35784
2021-02-09,241.06,263.98,230.98,263.98,21139
2021-02-10,256.65,273.14,235.56,258.48,53562
2021-02-11,256.65,260.31,242.9,247.48,28969
2021-02-14,242.9,255.73,242.9,252.06,14583
2021-02-15,252.06,268.56,242.9,268.56,33323
2021-02-16,263.98,273.14,256.65,273.14,26236
2021-02-17,268.56,268.56,256.65,264.89,14154
2021-02-18,260.31,264.89,260.31,260.31,11038
2021-02-21,260.31,260.31,252.98,255.73,15169
2021-02-22,252.98,260.31,248.4,253.9,33876
2021-02-23,253.9,253.9,240.15,253.9,4777
2021-02-24,254.81,256.65,244.73,249.31,6491
2021-02-25,251.15,251.15,239.23,239.23,14207
2021-02-28,234.65,234.65,229.15,229.15,14562
2021-03-01,228.23,238.31,228.23,237.4,7279
2021-03-02,232.81,241.98,225.48,241.98,9189
2021-03-03,237.4,244.73,224.56,244.73,14766
2021-03-04,240.15,254.81,230.98,244.73,9422
2021-03-08,240.15,247.48,235.56,247.48,6305
2021-03-09,245.65,245.65,233.73,241.98,6150
2021-03-10,244.73,244.73,233.73,241.98,5825
2021-03-14,237.4,241.98,229.15,236.48,5340
2021-03-15,231.9,232.81,224.56,232.81,7589
2021-03-16,236.48,236.48,227.31,230.98,932
2021-03-17,230.98,235.56,220.9,224.56,22126
2021-03-18,220.9,230.98,220.9,223.65,5026
2021-03-21,234.65,235.56,226.4,233.73,9068
2021-03-22,230.98,231.9,229.15,229.15,1635
2021-03-23,227.31,230.98,223.65,229.15,5112
2021-03-24,224.56,236.48,224.56,234.65,5779
2021-03-25,230.06,233.73,228.23,230.98,3602
2021-03-29,230.06,234.65,229.15,234.65,1003
2021-03-30,230.06,232.81,230.06,230.98,1744
2021-03-31,229.15,230.98,229.15,230.98,3870
2021-04-01,230.98,234.65,230.98,232.81,6228
2021-04-04,232.81,243.81,229.15,243.81,17609
2021-04-05,252.06,252.06,238.31,238.31,7802
2021-04-06,237.4,241.98,236.48,240.15,7428
2021-04-07,244.73,244.73,238.31,241.06,22019
2021-04-08,240.15,256.65,240.15,250.23,21380
2021-04-12,252.06,252.06,243.81,243.81,8321
2021-04-13,243.81,248.4,243.81,246.56,9854
2021-04-15,246.56,265.81,246.56,252.06,54886
2021-04-18,256.65,256.65,235.56,239.23,100171
2021-04-19,239.23,251.15,233.73,234.65,26498
2021-04-20,239.23,248.4,239.23,243.81,8454
2021-04-21,243.81,247.48,236.48,237.4,6919
2021-04-22,238.31,242.9,236.48,241.06,11643
2021-04-25,236.48,241.98,229.15,241.98,22303
2021-04-26,238.31,251.15,228.23,251.15,23021
2021-04-27,251.15,251.15,238.31,248.4,32397
2021-04-28,241.06,261.23,241.06,256.65,126209
2021-04-29,254.81,260.31,252.06,257.56,33769
2021-05-02,258.48,260.31,252.06,254.81,55125
2021-05-03,258.48,258.48,250.23,250.23,27642
2021-05-04,253.9,256.65,249.31,250.23,10756
2021-05-05,250.23,254.81,250.23,254.81,20820
2021-05-06,256.65,260.31,254.81,258.48,46335
2021-05-09,261.23,261.23,256.65,259.4,32484
2021-05-10,259.4,262.14,256.65,262.14,24855
2021-05-11,263.06,271.31,262.14,270.39,39564
2021-05-12,274.98,280.48,271.31,274.98,47447
2021-05-13,274.98,291.48,274.98,290.56,70146
2021-05-16,290.56,302.47,283.23,285.98,81352
2021-05-17,288.73,291.48,285.98,289.64,57183
2021-05-18,303.39,318.06,293.31,318.06,171096
2021-05-19,333.64,349.22,321.72,329.97,101734
2021-05-20,323.56,362.97,318.97,362.97,142628
2021-05-23,362.97,398.72,348.3,398.72,178565
2021-05-24,417.97,417.97,370.3,381.3,142614
2021-05-25,381.3,387.72,373.05,375.8,48150
2021-05-27,376.72,388.63,355.64,386.8,79758
2021-05-30,394.13,425.3,377.64,425.3,133454
2021-05-31,446.38,446.38,402.38,410.63,66809
2021-06-01,407.88,417.97,395.97,399.63,64709
2021-06-02,399.63,435.38,398.72,435.38,116428
2021-06-03,443.63,458.3,417.97,435.38,126805
2021-06-06,456.46,478.46,419.8,478.46,175906
2021-06-07,485.79,526.12,485.79,526.12,130396
2021-06-08,551.79,578.37,551.79,578.37,112312
2021-06-09,606.78,636.11,552.7,627.86,195673
2021-06-10,639.78,678.28,612.28,671.86,122693
2021-06-13,671.86,736.02,652.61,724.11,109464
2021-06-14,711.27,733.27,693.86,693.86,70371
2021-06-15,688.36,699.36,642.53,656.28,123444
2021-06-16,643.45,692.94,591.2,602.2,108033
2021-06-17,631.53,645.28,595.78,626.95,68264
2021-06-20,658.11,658.11,573.79,585.7,61176
2021-06-21,586.62,606.78,554.54,554.54,70226
2021-06-22,559.12,605.87,545.37,597.62,45497
2021-06-23,609.53,609.53,559.12,571.95,43149
2021-06-24,582.03,582.03,557.29,558.2,26025
2021-06-27,559.12,569.2,541.7,549.95,30819
2021-06-28,559.12,563.7,531.62,533.46,29632
2021-06-29,527.04,527.04,494.96,499.54,48414
2021-06-30,474.79,540.79,474.79,520.62,51643
2021-07-01,527.04,571.95,527.04,569.2,76062
2021-07-04,572.87,615.03,572.87,575.62,85617
2021-07-05,586.62,586.62,558.2,586.62,47975
2021-07-06,609.53,609.53,565.54,570.12,21294
2021-07-07,581.12,581.12,554.54,556.37,16764
2021-07-08,566.45,582.03,548.12,582.03,52612
2021-07-11,586.62,639.78,582.03,639.78,106303
2021-07-12,651.7,660.86,600.37,618.7,93853
2021-07-13,630.61,639.78,610.45,623.28,38779
2021-07-14,623.28,631.53,611.37,614.12,63393
2021-07-15,619.62,641.61,611.37,625.11,125850
2021-07-18,637.03,655.36,637.03,652.06,98757
2021-07-19,659.95,663.61,637.95,646.2,54358
2021-07-20,641.61,645.28,628.78,641.61,39920
2021-07-22,641.61,690.19,626.03,677.36,89361
2021-07-25,682.86,682.86,650.78,665.08,55788
2021-07-26,669.11,718.61,660.04,714.94,158399
2021-07-27,700.64,747.94,669.11,747.94,91517
2021-07-28,747.94,792.85,695.51,788.27,230254
2021-07-29,779.1,779.1,717.69,730.52,422634
2021-08-01,715.95,733.27,710.36,710.36,75030
2021-08-02,716.77,718.61,698.44,703.02,52007
2021-08-03,710.36,710.36,692.03,694.78,50076
2021-08-04,699.36,724.11,687.44,703.02,78860
2021-08-05,714.94,714.94,682.86,685.61,109613
2021-08-08,696.61,705.77,687.44,704.77,82947
2021-08-09,716.77,733.18,696.61,729.61,79814
2021-08-10,743.35,789.37,737.86,774.52,219079
2021-08-11,790.01,790.01,748.85,754.35,101713
2021-08-12,754.35,775.8,747.02,756.19,122909
2021-08-15,756.19,756.19,689.28,728.69,109478
2021-08-16,727.77,766.27,714.94,742.44,87518
2021-08-17,753.44,764.44,741.52,758.02,105233
2021-08-18,773.14,833.82,773.14,829.24,244320
2021-08-19,845.74,862.6,783.68,811.18,139654
2021-08-24,813.93,834.1,794.68,799.63,121252
2021-08-25,806.6,824.01,788.27,791.93,70531
2021-08-26,807.7,870.67,792.85,843.26,192122
2021-08-29,860.13,915.67,830.89,892.76,302656
2021-08-31,874.98,925.76,860.68,898.26,300716
2021-09-01,881.76,915.58,847.85,856.1,80582
2021-09-02,856.1,887.26,815.77,817.6,96429
2021-09-05,801.28,801.56,735.84,735.84,108442
2021-09-06,721.17,809.35,696.61,809.35,106097
2021-09-07,814.85,831.35,788.27,803.85,63454
2021-09-08,803.85,803.85,759.85,759.85,39041
2021-09-09,759.85,788.27,746.1,748.85,51716
2021-09-12,762.6,800.18,753.44,800.18,88453
2021-09-13,816.13,824.93,786.43,797.43,61850
2021-09-14,801.1,817.05,770.03,817.05,33110
2021-09-15,817.05,817.05,780.93,781.85,26872
2021-09-16,766.27,769.94,722.27,731.44,73719
2021-09-20,716.87,733.27,658.3,658.3,53037
2021-09-21,645.28,719.52,618.7,653.53,60721
2021-09-22,666.54,714.94,666.54,714.94,44015
2021-09-23,729.24,755.27,700.64,719.43,68293
2021-09-26,731.44,733.73,667.28,667.28,47498
2021-09-27,680.11,681.03,613.57,615.03,57712
2021-09-28,616.87,636.11,553.62,563.7,61253
2021-09-29,559.12,604.95,522.46,601.28,40874
2021-09-30,613.2,626.03,559.12,560.04,24778
2021-10-03,560.04,569.2,540.79,550.87,31981
2021-10-04,540.79,555.45,527.04,538.96,26501
2021-10-05,549.04,575.62,543.54,571.59,18681
2021-10-06,582.95,619.62,577.45,619.62,30399
2021-10-10,619.62,654.45,608.8,626.95,109249
2021-10-11,627.86,632.45,595.78,618.61,25733
2021-10-17,623.28,630.61,606.78,622.36,10747
2021-10-18,609.99,611.37,582.58,582.95,17837
2021-10-19,571.31,584.33,533.73,558.2,32074
2021-10-20,569.29,595.78,566.45,589.18,38239
2021-10-21,600.37,600.92,552.7,559.21,14133
2021-10-24,570.12,590.74,551.79,580.2,26577
2021-10-25,591.2,627.86,586.62,627.86,29925
2021-10-26,632.45,671.68,632.45,668.19,35150
2021-10-27,669.11,687.44,641.61,659.95,47372
2021-10-28,648.03,696.61,641.61,696.61,61390
2021-10-31,687.44,733.27,680.11,719.52,55893
2021-11-01,724.11,733.27,696.15,709.44,33623
2021-11-02,723.56,780.02,714.94,774.43,150356
2021-11-03,789.83,802.02,769.94,782.77,114092
2021-11-08,788.27,788.27,762.6,776.35,27853
2021-11-09,780.02,780.02,717.69,723.19,72258
2021-11-11,710.36,751.6,681.03,751.6,58436
2021-11-14,736.94,755.27,689.46,747.94,57295
2021-11-15,751.6,767.19,742.44,757.1,39107
2021-11-16,757.1,769.02,756.19,765.35,26243
2021-11-17,780.66,788.18,756.19,774.43,91097
2021-11-18,769.94,769.94,741.98,742.44,30661
2021-11-21,742.44,750.69,728.69,733.27,23481
2021-11-22,746.01,746.01,723.19,724.11,18113
2021-11-23,716.87,728.69,688.36,688.36,47540
2021-11-24,688.36,719.52,673.69,710.36,45112
2021-11-25,724.11,724.56,701.19,707.61,15304
2021-11-28,693.49,703.94,660.22,669.11,52717
2021-11-29,664.53,689.92,659.95,684.69,24028
2021-11-30,684.69,695.69,673.69,692.12,21842
2021-12-01,692.94,708.52,692.76,697.53,20673
2021-12-02,710.36,710.36,659.03,659.95,23950
2021-12-05,651.88,666.36,627.86,627.86,22597
2021-12-06,615.95,659.03,586.62,647.11,40993
2021-12-07,659.95,660.04,614.12,614.12,22962
2021-12-08,614.12,614.12,575.71,584.78,23350
2021-12-09,584.78,597.62,573.14,586.62,23992
2021-12-12,594.87,595.78,552.7,554.54,19245
2021-12-13,543.45,543.45,499.08,502.29,51995
2021-12-14,493.13,552.52,492.3,552.52,15665
2021-12-15,563.52,604.95,555.18,559.58,36425
2021-12-16,559.58,570.49,533.46,533.46,19767
2021-12-20,523.37,538.04,503.21,520.62,17022
2021-12-21,530.71,545.37,520.62,545.37,10692
2021-12-22,556.28,573.79,544.36,568.38,27698
2021-12-23,571.04,572.87,551.79,553.62,21113
2021-12-26,560.04,560.04,545.46,552.7,23253
2021-12-27,549.04,549.95,514.21,514.21,31237
2021-12-28,509.62,547.2,504.12,536.21,21963
2021-12-29,544.45,544.45,523.37,533.46,25570
2022-01-02,544,558,544,558,17954
2022-01-03,565,593,564,578,18549
2022-01-04,578,597.7,572,594,11768
2022-01-05,600,612,580,590,25248
2022-01-06,580,600,580,595,18065
2022-01-09,606,643,600,643,36737
2022-01-10,655,680,641.9,672,48841
2022-01-11,660,739.2,658.6,715,49306
2022-01-12,720,740,699,708,51776
2022-01-13,707,725,697,721,33112
2022-01-16,721,763,731,742.5,52836
2022-01-17,745,752,728,735,17070
2022-01-18,723.6,753.7,700,715,39935
2022-01-19,715,729,694.9,703,29035
2022-01-20,698,728,689,723,25075
2022-01-23,735,735,702,708.5,27673
2022-01-24,705,712,663,672,53102
2022-01-25,663,700,658,674,32243
2022-01-26,674,679.9,656,666,21088
2022-01-27,679.3,687.8,665.4,666,14756
2022-01-30,679,707,679,706,21590
2022-01-31,710,714,693,699.9,17269
2022-02-01,695,725,694,720.5,20366
2022-02-03,728.9,728.9,700,701,26675
2022-02-06,688.5,700,679.5,679.5,16335
2022-02-07,680,698,672,690,8847
2022-02-08,703.8,730,677,687,19017
2022-02-09,680,688,667,675,10596
2022-02-10,687,700,662,682,22451
2022-02-13,668.4,668.4,645,649.5,27997
2022-02-14,642,662,640,644,15294
2022-02-15,656.5,674,644,670,5337
2022-02-16,670,674,651,651,10722
2022-02-17,663,663,645,655,7749
2022-02-20,641.9,654,635,638.2,6430
2022-02-21,649.9,649.9,641,644.1,5026
2022-02-22,653.9,664,645,655,8670
2022-02-23,667.9,667.9,645.1,650,7369
2022-02-24,638,648,620,626,17551
2022-02-27,630,638,613.5,631.1,19619
2022-02-28,637,637,615,616,6874
2022-03-02,604,622,589,592,10577
2022-03-06,594,605,585,585,10689
2022-03-07,596,597,575,578.2,5636
2022-03-09,577,577,558.6,558.6,7928
2022-03-10,550,595,550,590,10335
2022-03-13,600,622,600,618,11698
2022-03-14,624.9,624.9,610,622.1,2993
2022-03-15,624,625,616.1,624,6607
2022-03-16,615,622,615,615,5002
2022-03-20,617.1,617.1,605,609,2137
2022-03-21,601,625,601,625,8699
2022-03-22,625,630,622,622.1,5277
2022-03-23,633,633,608,610,5310
2022-03-24,600.1,612,588,588,11951
2022-03-27,588.1,588.1,557,565,27105
2022-03-28,555.1,575,555.1,562,5170
2022-03-29,562,573,558.4,569,6820
2022-03-30,569,589,560,588,11824
2022-03-31,590,594,565,567.2,13399
2022-04-03,556.1,565,553.1,560,10178
2022-04-04,550.1,566,550.1,556,3803
2022-04-05,551.1,552.1,535,539,18881
2022-04-06,534.2,543.5,522,530,9334
2022-04-07,540,544.9,530,539,7182
2022-04-11,549.7,560,526,528,9895
2022-04-12,519,530,510,518,8964
2022-04-13,509,527.4,500,522,10600
2022-04-17,523,523,511.6,515,4610
2022-04-18,525,525,485,485,15168
2022-04-19,493.9,500,467.6,485,6190
2022-04-20,485,485,475,475,6223
2022-04-21,467,470,446,468,10013
2022-04-24,459,514.8,459,514,13850
2022-04-25,510,524,492.1,507.8,9675
2022-04-26,509,509,490.2,498,4182
2022-04-27,507.9,507.9,485,500,4670
2022-04-28,493.1,510,491,493,6742
2022-05-02,494,494,470,470,8511
2022-05-04,469.9,473.5,461,465,7244
2022-05-05,456,465.1,440,447.5,8593
2022-05-08,441,456.4,430,456.4,3162
2022-05-09,462,480,445,451.5,3953
2022-05-10,450,468,446,465,6357
2022-05-11,474,485.9,467,479,8883
2022-05-12,484,510,480,480,16676
2022-05-17,470.4,470.4,453.4,461,6521
2022-05-18,456,470,443,467.9,3583
2022-05-19,477.2,477.2,442.1,450.3,4076
2022-05-20,442,468.1,442,444.1,1822
2022-05-23,440,440,425.1,425.1,5974
2022-05-24,429,450,426,433.9,4685
2022-05-25,440,450,438,444,3790
2022-05-26,451.8,451.9,440,443,1504
2022-05-27,440,448,430,446,11960
2022-05-30,445,445,426.5,435,1444
2022-05-31,427,440,425,429,4150
2022-06-01,435,435,424,427,5941
2022-06-02,432,435,422.1,425,3307
2022-06-03,420,425,418,418.2,3945
2022-06-06,422,429.9,416,420,7682
2022-06-07,425,426.5,412,416,10606
2022-06-08,424.3,444.7,416,440,7778
2022-06-09,432.1,448,423,423,8354
2022-06-10,414.6,426,411,411,2543
2022-06-13,404.1,418,403.3,411.5,3830
2022-06-14,405,410,396.9,404.4,5735
2022-06-15,412.4,412.4,396.1,400,4403
2022-06-16,403,408,400,400,5190
2022-06-17,400,400.8,393,396,573
2022-06-19,392,392,382,382,4491
2022-06-20,376,377,363.1,372,7826
2022-06-21,375,394,375,382,3182
2022-06-22,375,380.2,373,375,3771
2022-06-23,370,370,360,365,5561
2022-06-24,360,377,358,375,2448
2022-06-26,382,405,380,404,6998
2022-06-27,410,411,391.2,398.9,7408
2022-06-28,391,398.8,382,389.9,4732
2022-06-29,392,408,385.5,406,6898
2022-06-30,414,442.9,410,432,9254
2022-07-01,439.9,445,415.6,434,4856
2022-07-03,434,449.9,425.4,448,18273
2022-07-04,456,492.8,446,460,44039
2022-07-05,450.9,478.5,433,442,23106
2022-07-06,434,465,426,450,16094
2022-07-07,459,470.2,450,453,22015
2022-07-08,455,487,435.3,438,25729
2022-07-11,444,445,423,431,18413
2022-07-12,423,444.4,423,436,14346
2022-07-13,444,475,440,475,28493
2022-07-14,482,496,456.4,494,38237
2022-07-15,503,503,480,499,13059
2022-07-17,489.1,506,469.9,490,35442
2022-07-18,480.2,498,470.8,485.3,19160
2022-07-19,494.5,504.9,486,494,42245
2022-07-20,491,510,486,496,23121
2022-07-21,491.1,499,483.7,488,10845
2022-07-22,479,497.7,470,497.7,15333
2022-07-24,487.8,529,486,528.9,72633
2022-07-25,535.3,578,525,565,54902
2022-07-26,563,573,535,540,40742
2022-07-27,530,570.6,520,558,37737
2022-07-28,568,585,547,559,66777
2022-07-29,552,570,548.2,561,13086
2022-07-31,565.1,569,552.6,552.6,28670
2022-08-01,552,596,550,587,139913
2022-08-02,598.7,630,598.7,610,146795
2022-08-03,622.2,634,589,589.1,69967
2022-08-04,580,599.7,557,560,76874
2022-08-05,548.8,567,537.9,548,41268
2022-08-07,539,562.9,539,557,40352
2022-08-08,568.1,582,550,563.1,55970
2022-08-09,568.9,580,535,580,59032
2022-08-10,591.6,591.6,535,560,60996
2022-08-11,571.2,571.2,537,538,22051
2022-08-14,528,541,515.1,525,24149
2022-08-15,526,558.7,523,558.7,37766
2022-08-16,558,571,535.1,539,47845
2022-08-17,544,550,537,542,16160
2022-08-18,536,560,536,550,28658
2022-08-21,555.3,570,541.5,550,24490
2022-08-22,540,557.8,540,551.8,29278
2022-08-23,541,557.9,531,549,12284
2022-08-24,546,555,543,546.9,13965
2022-08-25,537.3,555,536,538,21470
2022-08-26,528,537,526.3,526.5,20993
2022-08-28,516.6,527.9,497,498,33110
2022-08-29,491.1,512.9,491.1,507,18102
2022-08-30,515,517,504.7,504.7,7970
2022-08-31,510,514.6,495,495,7625
2022-09-01,499.9,517,483,495,19895
2022-09-02,485.1,510,485.1,495.3,5492
2022-09-04,504,504,496,499,6930
2022-09-05,491,506,491,493,4292
2022-09-06,486.1,495,484,484,8053
2022-09-07,484,488.9,471.4,476.7,9497
2022-09-08,486,495,465.5,475,7567
2022-09-11,484,484.5,470,470,7231
2022-09-12,461.1,473.9,455,466,11922
2022-09-13,475,477,465,473,11750
2022-09-14,479,502,474,498.7,21571
2022-09-15,508,508.6,470,479,12463
2022-09-16,470,470,444,465,14596
2022-09-18,456,464.4,448.2,448.2,9252
2022-09-20,440,445,426,426,18298
2022-09-21,426,440,426,434,6694
2022-09-22,433,440,428.1,432,6633
2022-09-25,430,430,419,419,5212
2022-09-27,427.3,435.8,423.5,428,8675
2022-09-28,421,437,421,432,2300
2022-09-29,435,435,428.1,433,3915
2022-10-09,439,455,437,454,6519
2022-10-10,455,462,441,445.9,6572
2022-10-11,437.3,448.5,434.1,446,4004
2022-10-12,445,466,436.1,460,12942
2022-10-13,469,469,455,465,8323
2022-10-16,465,465.1,447.1,448,6149
2022-10-17,456,456,444,445,3955
2022-10-19,440,440,429,435,7272
2022-10-20,427,436,423.6,424,5782
2022-10-23,425,438,425,430,3407
2022-10-31,428,429,420,427,6985
2022-11-01,427,453,424,450,10353
2022-11-02,459,465,441,450,9164
2022-11-03,441,465,441,451,9933
2022-11-06,443,474,443,473.9,11940
2022-11-07,464.5,497.5,464,476,19812
2022-11-08,468,479,460,467.9,9880
2022-11-09,458.6,472,440.1,446.9,15337
2022-11-10,439,455.8,435,435,9984
2022-11-13,443.7,443.7,432,438.9,3869
2022-11-14,430.2,453,430.2,450,5000
2022-11-15,442.5,459,437,444.9,8996
2022-11-16,438,453,438,452,5187
2022-11-17,443.1,467,443.1,461,9371
2022-11-22,470.2,479.6,451.1,456.9,7828
2022-11-23,448.5,459.9,448.5,458,3211
2022-11-24,449,464,449,460,4466
2022-11-27,453,475,453,470,9457
2022-11-28,479.4,479.4,460,463,10608
2022-11-29,455.1,469,455.1,465,6087
2022-11-30,455.7,469,455.7,461.2,2110
2022-12-01,464,469,457,457,6818
2022-12-04,459,470,456.7,458,9791
2022-12-05,467.1,473.8,444,452.8,10423
2022-12-06,446.3,455.2,446,446.2,4895
2022-12-07,438.5,449.9,438.5,440,4287
2022-12-11,448,448,434.7,434.8,4236
2022-12-12,443,447.9,435.1,447.9,8061
2022-12-13,440,448.8,440,446.9,1977
2022-12-14,440,452.8,440,447,2628
2022-12-15,439,448,439,446.1,3686
2022-12-18,437.3,438,430,430,6258
2022-12-19,425,447,425,429,1318
2022-12-20,437.5,440,433,439,4043
2022-12-21,430.5,441,423,423.2,2001
2022-12-22,422,425,419,419,7177
2022-12-26,427.3,449,427.3,445,12058
2022-12-27,445,479.9,445,463,22209
2022-12-28,472.2,472.2,455.5,456.1,14059
2022-12-29,452.5,478,452.5,476,26067
2023-01-01,485,490,462.2,479.9,22848
2023-01-02,471,486.5,471,484,11406
2023-01-03,475,493,472,484,27350
2023-01-04,475,498,475,495.9,19217
2023-01-05,504,522,495,515,42231
2023-01-08,515,533,503,515,20303
2023-01-09,512,550,508,549,42581
2023-01-10,559,565,514,520,45234
2023-01-12,530,550,498,500,34692
2023-01-17,510,518.8,500,510,10556
2023-01-18,518,530,508,512,22030
2023-01-19,512,515,502,503,10437
2023-01-23,501,520.2,501,505,20223
2023-01-24,495,555,495,525.1,31541
2023-01-25,535.6,540,524,528,39327
2023-01-26,517.5,529.8,514.1,514.1,9432
2023-01-29,505.1,520,505,511.8,8768
2023-01-30,512,512,489.1,494,20060
2023-01-31,485,500,484.1,485,15432
2023-02-01,493,496,485,485,4069
2023-02-02,476.1,498.8,476,479,9665
2023-02-05,478,515,471.1,488,10100
2023-02-06,481,507,481,490,2130
2023-02-07,482,520,482,520,24249
2023-02-08,510,530,510,512,14609
2023-02-09,512,518.8,502,517,6122
2023-02-12,507,507,490.1,492,18861
2023-02-14,492,500,490.5,493,7665
2023-02-15,485,499,485,490,7598
2023-02-16,481,496,481,481.3,8184
2023-02-20,475.1,490.9,474,474.8,8658
2023-02-22,484,493,476,490,1982
2023-02-23,482,482,471,481.9,6140
2023-02-26,473,485,463,475,8993
2023-02-27,476,481,457,463,8683
2023-02-28,465,470,454.1,462.1,5351
2023-03-01,465,471,462.2,467,3591
2023-03-02,461.2,469.9,461.2,463,2165
2023-03-05,472.2,472.2,446.2,454,3212
2023-03-07,454,466,448,448,3181
2023-03-09,456.9,466,454,465,4861
2023-03-12,474.3,474.3,452,458.3,10875
2023-03-13,464,464,449.4,454.8,2156
2023-03-14,460.9,469,447.9,469,8714
2023-03-15,460,461.7,459.7,461.7,1673
2023-03-16,452.7,460,448,448,6097
2023-03-19,455.9,456.9,450,455,4150
2023-03-20,458,469,455,469,5199
2023-03-22,471.9,472,450,459,6227
2023-03-23,455,458.4,450,452,4075
2023-03-26,452,452,443.1,448.5,2756
2023-03-27,454.9,455,445.9,454,2804
2023-03-28,454,466,451,454,4847
2023-03-29,447,458,447,458,1833
2023-03-30,458.2,458.2,449,454.9,2444
2023-04-02,454.9,450,442.1,447,3320
2023-04-03,440.1,440.1,434,435,4838
2023-04-04,428,448,428,448,2250
2023-04-05,441,444.5,439.1,444.5,1481
2023-04-06,436,440,430.2,435,2377
2023-04-09,435,443.6,426.3,426.5,3488
2023-04-10,435,435,422.1,429.9,176
2023-04-11,435,446,422,442,2910
2023-04-12,446.9,472.8,446.9,472,18501
2023-04-13,479.5,479.5,467,467,10301
2023-04-16,470,470,453,462.9,2200
2023-04-17,455.6,464.9,446.5,464.9,2255
2023-04-18,455.7,460,450,460,494
2023-04-19,455.7,455.7,449,454,7560
2023-04-20,455,457,446,450,1894
2023-04-23,441,442,424,424,16605
2023-04-24,417.1,430.9,417.1,427.1,5246
2023-04-25,425,433,422.3,433,2337
2023-04-26,426.1,442,426.1,437,1590
2023-04-27,428.5,433,428.5,429.1,3546
2023-04-30,429,434.7,423.5,423.5,3632
2023-05-02,422,429.9,422,429.9,1541
2023-05-03,422,429,422,425,813
2023-05-04,417.1,427.4,417.1,427.4,685
2023-05-07,420,433,420,433,2670
2023-05-08,424.5,425,417.1,425,1811
2023-05-09,416.5,433.5,411.1,430.5,1255
2023-05-10,421.9,430,421.9,428.9,1076
2023-05-11,420.4,428.9,420.4,428.7,1830
2023-05-14,421,421,413,413,1969
2023-05-15,405.3,418,405.1,418,1301
2023-05-16,409.7,420,409.7,420,775
2023-05-17,412.1,428.7,412.1,428.6,479
2023-05-18,425,440,425,435,2450
2023-05-21,430,448,424,432,5017
2023-05-22,432,461.5,428,458.9,20093
2023-05-23,468,468,449,462.6,9242
2023-05-24,460,465.1,454.5,465.1,7359
2023-05-28,455.8,468.5,451,460,12107
2023-05-30,450.8,459,434,441,10946
2023-05-31,433,435,420.1,422.1,9571
2023-06-01,425.1,437,422.9,437,1260
2023-06-04,445.7,450,437.1,446,5437
2023-06-05,441.1,445.9,432.1,432.1,6423
2023-06-06,434,442.6,427.1,435,9481
2023-06-07,443,450,440,440,74090
2023-06-08,445,459,438,452,29796
2023-06-11,455,480,455,469,73049
2023-06-12,469,472,453,460,30752
2023-06-13,452,475.9,450.8,460,30749
2023-06-14,460,465,450,451,24846
2023-06-15,451,459,450,455,10275
2023-06-18,464.1,464.1,451,460,28230
2023-06-19,461.1,496.7,461.1,478,53033
2023-06-20,487,487.5,456,460,26370
2023-06-21,460,470,451,452,10915
2023-06-22,459,461,444,444,11508
2023-06-25,452.7,488,450,475,36281
2023-06-26,484,510,475,485,43801
2023-06-27,494.6,518,493,511,40220
2023-06-28,502,503,490,492,15312
2023-07-02,484,499,480.2,480.2,28172
2023-07-03,489,490,466,469,15933
2023-07-04,478,487,467.5,475.8,5260
2023-07-05,466.5,485.3,466.3,472.5,9739
2023-07-06,466,473,457,472,7597
2023-07-09,481,488,472.1,482.8,19786
2023-07-10,487,492,483.5,491.9,28715
2023-07-11,492,520,490,506.7,35285
2023-07-12,516,525,495,497,25796
2023-07-13,487.3,503,482,482,16358
2023-07-16,473,491.5,473,483,7572
2023-07-17,476.1,508,476.1,508,41296
2023-07-18,508,518,498,515.3,57270
2023-07-19,507.4,525,506.1,519,47721
2023-07-20,519,519,507.4,516.9,43616
2023-07-23,523.4,530,512,525,23877
2023-07-24,515,519,506,515,74794
2023-07-25,511,512,498,502,17313
2023-07-26,492.2,511.7,492.2,504,9687
2023-07-27,514,514,488,492.9,18510
2023-07-30,502.7,502.7,477,488,35069
2023-07-31,480.3,496.5,478,490,18199
2023-08-01,495,495,470,477,11989
2023-08-02,484.6,493,468,493,10756
2023-08-03,502.8,512,471,474,19346
2023-08-06,472,472.5,451,460,13311
2023-08-07,459,472,442.1,468,12955
2023-08-08,460.3,460.5,450,453.9,5905
2023-08-09,444.9,470,432,468.7,19105
2023-08-10,478,478,445.1,469,12256
2023-08-13,462,470,455,457,6433
2023-08-14,455,464,450.2,457,7337
2023-08-15,447.9,456,441,443,7177
2023-08-16,438,447,438,440,9346
2023-08-17,435.2,455,435.2,445,3942
2023-08-20,443,452.8,438,446.7,6409
2023-08-21,437.8,445,437.8,444,1776
2023-08-22,436,449.9,436,449.9,3675
2023-08-23,445,455,445,453,3121
2023-08-24,444,452.7,436,447,7975
2023-08-27,439,445,435,435,3816
2023-08-28,439,445,430.3,432,9188
2023-08-29,425,438,425,436,5498
2023-08-30,435,435,428.1,428.1,3640
2023-09-03,430,435,420,427,4963
2023-09-04,427,435,421.3,427,3080
2023-09-05,433.9,433.9,420,420,1458
2023-09-07,428,428,413,417,3811
2023-09-10,420,420,414.5,420,2559
2023-09-11,425,435.5,421,435,3872
2023-09-12,440,440,422.6,424,2007
2023-09-13,420.2,439.8,420.2,437,3929
2023-09-17,429,437,416,428.9,6488
2023-09-18,434,434,421.1,430,315
2023-09-19,430.1,434.9,422,430,1777
2023-09-21,438.6,473,438.6,470,18222
2023-09-24,460.6,470,450,451,5275
2023-09-25,446.2,460,446.2,446.3,3477
2023-09-26,455.2,464.3,449,456,4995
2023-09-27,451,455,441.1,448.9,6657
2023-10-01,444,444,435,435,5225
2023-10-02,426.5,444,426.5,440,2321
2023-10-03,433.1,440,433,439,1861
2023-10-04,431,446,431,436.1,1756
2023-10-05,436.1,437,429,431,4312
2023-10-08,439.6,439.6,424,424,5019
2023-10-09,430,437.9,423.4,431,5372
2023-10-10,425.3,430,401,424.9,12605
2023-10-11,425,431.9,419.5,425,2205
2023-10-12,419,425,390,413,17975
2023-10-16,406,414,399,399,21821
2023-10-17,406.9,423.3,390,412,11681
2023-10-18,417,419.5,406,408.1,6043
2023-10-19,400,412,400,409,2670
2023-10-29,402,406,387.1,397,9413
2023-10-30,390.2,403,390.2,396,1499
2023-10-31,396,396,395,395,524
2023-11-01,395,402,390,390.1,7021
2023-11-02,390.1,397,389,392,5988
2023-11-05,392,392,383,385,6161
2023-11-06,387,394,387,390,2078
2023-11-07,397.8,397.8,389.1,390,1454
2023-11-08,385,394.4,385,394.2,2243
2023-11-09,387.1,387.1,375,382,4642
2023-11-20,380,400.5,380,395,3638
2023-11-21,394,394,385,385,4953
2023-11-22,378.1,399,378.1,399,1373
2023-11-23,393,402.7,393,400,1716
2023-11-26,400,429,400,428,11303
2023-11-27,428,428,412,420,1785
2023-11-28,428,436,412,425,2130
2023-11-29,419.1,419.9,411.3,415,1117
2023-11-30,410,410,401,401,710
2023-12-03,395,406.9,393.2,405,2461
2023-12-04,405,409.9,390,401.8,3945
2023-12-05,394,400,394,398.9,734
2023-12-06,391.1,399,391.1,395.5,1957
2023-12-07,390,410,388,398.3,1777
2023-12-10,406.2,430.9,406.2,430.9,50
2023-12-11,423,439,422.3,431.5,9897
2023-12-12,422.9,446.6,420,446.6,26639
2023-12-13,455,455,430.3,446.7,11160
2023-12-14,437.8,446,430,435,8349
2023-12-17,426.6,440,421.1,430,13412
2023-12-18,438.6,472,438.6,469,45967
2023-12-19,459.7,473.3,452,467,18732
2023-12-20,472,475,452,470,46749
2023-12-21,461,469,453.2,453.2,14946
2023-12-24,444.2,451.9,437,438,17765
2023-12-27,440,440,423,437,14402
2023-12-28,440,444,431.1,436,3220
2024-01-01,443,444,427.7,427.8,11050
2024-01-02,430,435,417,428,13781
2024-01-03,428,438,428,434.9,7006
2024-01-04,443.4,443.4,424,424,10637
2024-01-07,415.8,440,415.8,425,4070
2024-01-08,433,433,424.5,430,10272
2024-01-09,438,449,437.1,444,16937
2024-01-10,452.7,461.7,439,448,26476
2024-01-11,442,449.9,436.1,446,6335
2024-01-14,453,455.1,441,447.9,13339
2024-01-16,454,486,454,481,61728
2024-01-17,490,490,460.1,462.1,56253
2024-01-18,465,467,453,464,15347
2024-01-21,460,470,448,455,13710
2024-01-22,450,458,442,449,9943
2024-01-23,445,448.6,440,444.3,8069
2024-01-24,438,452,438,440,17766
2024-01-25,431.2,446.9,431.2,443.9,10497
2024-01-28,451,452,431.2,440,5822
2024-01-29,440,446,440,444,5809
2024-01-30,437.2,453,437.2,445,5649
2024-01-31,440,448.5,436.1,436.1,7746
2024-02-01,431,444.8,427.5,431.6,14113
2024-02-04,425,443,425,433.4,6212
2024-02-05,441,442,435.1,441,9620
2024-02-06,433,448,433,443.5,4720
2024-02-07,444,444,439,441.6,6942
2024-02-08,436,441.6,433,441.5,5035
2024-02-11,444,445,436,440,11988
2024-02-12,445,453.9,440.2,445,7718
2024-02-13,437.2,440,435,438.5,11045
2024-02-14,440,473.8,440,465,51773
2024-02-15,456.8,465,448.3,450,27246
2024-02-18,450,458,435,435,18233
2024-02-20,430.5,443.7,430.5,442.9,10469
2024-02-21,442.1,442.1,435,435.2,5450
2024-02-22,435.8,452,433.6,437.3,22240
2024-02-25,434,452.4,433.7,443.9,15700
2024-02-26,443,449.9,437,439,4284
2024-02-27,439.1,446.7,435.3,437.3,4831
2024-02-28,439,445.9,432,436,11794
2024-02-29,438.9,438.9,426,426.1,9908
2024-03-03,426.1,427,419,421.3,11732
2024-03-04,429.7,445,429,445,4104
2024-03-05,453.9,453.9,429.1,437.7,11032
2024-03-06,435,445,427.1,444,13466
2024-03-07,440,451.5,438.1,442,9143
2024-03-10,447.9,451.7,443.4,443.4,10471
2024-03-12,452,460,450,453.1,10822
2024-03-13,455.1,470,453.1,464,21041
2024-03-14,470.9,473.2,456.1,464,24787
2024-03-17,460,470,460,469.7,10350
2024-03-18,473.9,474,462.7,467.9,7813
2024-03-19,473,494,473,478.1,49870
2024-03-20,475.1,483,467.1,472,24327
2024-03-21,474,487,469,476,22624
2024-03-25,476,476,461.2,472,6355
2024-03-26,474,474,464,468,8327
2024-03-27,475,475,458.7,460,8188
2024-03-28,461,462,453.2,460,8279
2024-03-31,455,457.6,450,456.9,7987
2024-04-01,460,460,445.2,450.9,5368
2024-04-02,450.9,451,445.3,447.4,2779
2024-04-03,450,454.9,445.6,448,3348
2024-04-04,448,455.5,445.1,452,8428
2024-04-07,461,484.5,455.4,482,28479
2024-04-09,490,500,481.2,494.9,54123
2024-04-10,504,504,474,474,47589
2024-04-14,470,476,466,468.9,19718
2024-04-15,462,474,458,463,7719
2024-04-16,463,465,446.4,451.7,14723
2024-04-18,453.1,459,442.7,447.7,18441
2024-04-21,441,453.9,439,448,13244
2024-04-22,440.1,447,438,440,10328
2024-04-24,447.8,459.9,439,445.8,14397
2024-04-25,454,470,453,457,28274
2024-04-28,458.1,479.8,449.9,472,39149
2024-04-29,464,492,464,486.5,49212
2024-04-30,492,511,489,489,147235
2024-05-02,485,493.9,475.3,475.3,31494
2024-05-05,466.1,484,461,463.9,25333
2024-05-06,469,469,453.3,458.9,10975
2024-05-07,462,464,449.8,453.9,19922
2024-05-08,456.5,468,451.2,468,22955
2024-05-09,475.9,475.9,465,469,17070
2024-05-12,469.9,469.9,462,462.9,13531
2024-05-13,463.2,469,459.6,460,12782
2024-05-14,458,467.1,456,466.4,17251
2024-05-15,465,470.9,457,457,13759
2024-05-16,460,464,450.1,456.8,13830
2024-05-19,465.9,467.7,446,467.7,53946
2024-05-20,473,473,457,458,12984
2024-05-21,460.5,475,460.5,473,22442
2024-05-22,482.4,482.4,460,464,10898
2024-05-26,455.1,469.9,455.1,462.9,5194
2024-05-27,467,467,457.7,460,10673
2024-05-29,469.2,469.2,450.3,452,10652
2024-05-30,455,459.9,450,458,16547
2024-06-02,458,470,456,464.9,24839
2024-06-03,467,479,464.6,469,27914
2024-06-04,478.3,478.3,460.1,466.8,25341
2024-06-05,466.8,475,463.4,467.8,14509
2024-06-06,477.1,477.1,460.3,462,14339
2024-06-09,462,468.9,454,454,13660
2024-06-10,446,471,446,464,17557
2024-06-11,473,473,465,469.6,16252
2024-06-12,465,483,465,483,33374
2024-06-13,485,531.3,478,525.7,195627
2024-06-16,536.2,545.1,515,519,57517
2024-06-18,528.9,528.9,506,513,31060
2024-06-19,513,536.5,511,520.6,60748
2024-06-20,517.3,572.1,517.3,549,150375
2024-06-23,538.1,580.3,538.1,580.3,142850
2024-06-24,590,630,581,613,148320
2024-06-25,613,623.9,579,589.9,68953
2024-06-26,578.2,635,578.2,617.3,246054
2024-06-27,620,627.9,599,599,61498
2024-06-30,598,619.3,587,588,118836
2024-07-01,577,634,565.1,610,116411
2024-07-02,622.2,660.1,603,645,174026
2024-07-03,632.1,686,632.1,684.9,158548
2024-07-04,684.9,690,645,677.9,162866
2024-07-07,664.4,669.9,633,633,178692
2024-07-08,635,644.6,627,629.8,93903
2024-07-09,617.3,645,617.3,626,75600
2024-07-10,638,659.9,630.1,655,110515
2024-07-11,641.9,665,629.1,630,75644
2024-07-14,642.6,667,637,637,51061
2024-07-15,649.7,652.8,603,627,101925
2024-07-16,639.5,640,620,636,58511
2024-07-17,645,670,640,666,65162
2024-07-18,669.8,685,650,650,114795
2024-07-21,658.9,665,646,664,93293
2024-07-22,664.9,668.8,646.9,650.4,64513
2024-07-23,663.4,696,652.1,682.1,109093
2024-07-24,682.1,714,673,699.9,153414
2024-07-25,688,764,688,725,116201
2024-07-28,739.5,739.5,707.1,727.9,77704
2024-07-29,742.4,800.6,716,769,185882
2024-07-30,779.8,808,763,795.4,105618
2024-07-31,809,855,795,848.5,131794
2024-08-01,865.4,880,796.2,812,178486
2024-08-05,828.2,828.2,770.8,777,211363
2024-08-06,761.5,780,700,726,267562
2024-08-07,736,798.6,711.5,798.6,142374
2024-08-08,814.5,877,814.5,836,192559
2024-08-11,836,914.8,819.3,890,221802
2024-08-12,900,975,900,973.5,162472
2024-08-13,992.9,1070.8,992.9,1070.8,231251
2024-08-14,1092.2,1177.8,1092,1177.8,160901
2024-08-15,1201,1295,1078.2,1150,271498
2024-08-18,1127,1244,1050,1111,314677
2024-08-21,1133.2,1205,1125.3,1192.6,216898
2024-08-22,1215,1300,1188,1216,191568
2024-08-25,1191.7,1264,1169.9,1194,263165
2024-08-27,1200,1234,1160,1170,190356
2024-08-28,1193.4,1217,1108,1125,111310
2024-08-29,1147.5,1228.7,1090.1,1178,329072
2024-09-01,1201.5,1273,1201.5,1230,419230
2024-09-02,1254.3,1353,1160,1330,373072
2024-09-03,1303.4,1326,1225,1260,232209
2024-09-04,1234.8,1270,1150,1150,197053
2024-09-05,1155,1265,1068.2,1240,266128
2024-09-08,1215.2,1340.8,1116,1165,285786
2024-09-09,1141.7,1250,1090,1114,177364
2024-09-10,1091.8,1132,1030.7,1079.6,127328
2024-09-11,1079.6,1098,1048.7,1079,141136
2024-09-12,1080,1118,1065,1110,119064
2024-09-15,1087.8,1201.1,1040,1049,142104
2024-09-16,1040,1059,944.1,945,131976
2024-09-18,963.9,963.9,880,881,142810
2024-09-22,898.6,929,866,870,54630
2024-09-23,870,870,783,783,136164
2024-09-24,798.6,806.9,752.1,761,96501
2024-09-25,761,816,750,814.8,71091
2024-09-26,813,850,809.8,811,122909
2024-09-29,795,825,788,809.9,68488
2024-09-30,820,842.5,806.1,842,87235
2024-10-01,845,926.2,845,926.2,119328
2024-10-02,944.7,1015,937,992,162361
2024-10-06,1011.8,1088.9,972.2,1084,145333
2024-10-07,1105.6,1159.7,1051,1090,204941
2024-10-08,1090,1140,1063,1065,97422
2024-10-09,1075,1080.6,1050,1062,86960
2024-10-15,1050,1083,1050,1077,168766
2024-10-16,1080,1141.3,1065,1114.9,120346
2024-10-17,1092.7,1200,1080,1200,164841
2024-10-20,1176,1176,1080,1099.1,408974
2024-10-21,1077.2,1097.8,1034,1037,134185
2024-10-22,1030,1085,1021,1045.1,164405
2024-10-23,1045,1098,1040,1062.9,172659
2024-10-24,1062.9,1078.8,1010,1015,75135
2024-10-27,1017.1,1034.8,999.1,999.1,83007
2024-10-28,1018,1049,1002,1047.9,65975
2024-10-29,1064,1079,1032,1035,45661
2024-10-30,1036,1047,1007,1015.2,65748
2024-11-05,1021,1034.9,1000.6,1005,32414
2024-11-06,1005,1029.1,995,1020,79323
2024-11-10,1010,1060,1010,1049.1,76812
2024-11-11,1067,1152.3,1016,1152.3,106698
2024-11-12,1129.3,1129.3,1037.1,1044.5,277896
2024-11-13,1044.5,1055,1009,1026,77506
2024-11-14,1035,1051,1004,1004,112718
2024-11-17,1024,1040,995,1003,81302
2024-11-19,1020,1021,980,985,80736
2024-11-20,990,1008.7,968,983,56055
2024-11-21,999.9,1002.6,957.7,957.7,67373
2024-11-24,960,975,941,941.1,42788
2024-11-25,959,964.9,941.2,942,34448
2024-11-26,942,980,942,969,38119
2024-11-27,979.9,1010,955.5,989.9,94194
2024-11-28,990,990,961,961,37469
2024-12-01,960,961,927.1,930,64163
2024-12-02,936,948,903,911,68214
2024-12-03,911,946,900,918,63759
2024-12-04,935.7,935.7,899.7,901,53013
2024-12-05,919,919,852,867,77078
2024-12-08,870,884,834.4,842,57731
2024-12-09,858.8,867,834.1,853,57203
2024-12-10,850,861,837.9,844,33667
2024-12-11,854,855.9,840,853,33014
2024-12-12,855,860,840,842,29665
2024-12-16,842,842,798,800,57525
2024-12-17,784,810,784,798,39325
2024-12-18,811,820,798,803,42415
2024-12-19,804,818,787,787.1,39338
2024-12-22,797,802,775,779,34029
2024-12-23,794.5,794.5,777,793.5,39779
2024-12-24,797,854.8,795,840,90146
2024-12-26,830,846,813,814,36868
2024-12-29,800.9,825,775.1,777.1,58404
2024-12-31,761.6,777,728.1,764,90274
2025-01-01,770,807,765,795,60223
2025-01-02,807.9,807.9,784,798.9,27996
2025-01-05,814,814,793.3,799.9,41840
2025-01-06,799.9,814.7,790,795,41723
2025-01-07,810,815,797.1,815,36338
2025-01-08,820,867,816,858.8,81164
2025-01-09,859,867,830,830,48251
2025-01-12,825,826,792,792,43490
2025-01-13,791,815,778.3,779,32759
2025-01-15,777,790,753.2,756.9,70036
2025-01-16,741.8,769.9,716.4,716.4,76186
2025-01-19,707.5,752.7,703,723.9,67513
2025-01-20,738,741.9,715,717,33576
2025-01-21,724,734.9,715.1,717,19553
2025-01-22,729.9,740,716,727,32680
2025-01-23,727,740,712,717,31772
2025-01-26,717,725.1,646,702,129810
2025-01-27,688,742,688,732,66655
2025-01-28,732,742.1,715.3,721.1,26798
2025-02-02,729.9,740,708,727.2,62880
2025-02-03,727.2,737,711,715,34058
2025-02-04,720,720,701.7,702,33631
2025-02-05,705,760,691,725.9,51229
2025-02-06,730,765,726.1,733,85559
2025-02-09,736.1,755.1,720,740,46194
2025-02-10,740,755,729.3,729.3,26930
2025-02-11,738.9,749,720,726,21983
2025-02-12,740.5,740.5,722,725,25851
2025-02-13,739,745,732.5,736.5,56510
2025-02-16,721.8,799,721.8,794,113622
2025-02-17,794,811,768.5,777,53584
2025-02-18,785,785,756,759,35681
2025-02-20,759,783,745,756,45207
2025-02-23,740.9,761,738,746,36842
2025-02-24,760.9,760.9,736.1,742,27096
2025-02-25,735,749.7,728.1,728.1,36374
2025-02-27,742.6,755,713.6,728,36875
2025-03-02,742.5,770,740,770,51357
2025-03-03,775,796,770,772,62911
2025-03-04,772,780,750,754,31720
2025-03-05,754,757.9,737.1,744,29193
2025-03-06,750,756,737,737.2,16543
2025-03-09,750,750,726.1,728,20888
2025-03-10,729,742.3,716.4,721.8,23912
2025-03-11,727,734.9,705,707.2,27101
2025-03-12,711,718,708,710.1,20698
2025-03-16,710.1,714,700,707.9,20873
2025-03-17,701,720.9,701,705,15655
2025-03-18,707.2,716.9,702,704,12066
2025-03-19,704,710,692,693,23346
2025-03-20,699,699,677,680.41,35551
2025-03-23,668,680,656.6,657.36,24668
2025-03-24,658,679,648.1,676.45,19636
2025-03-25,676.5,676.5,652.1,653.67,22810
2025-03-26,663,667,650,660,14004
2025-03-27,663,670,658,665.59,11616
2025-03-30,665,680,665,674.9,19716
2025-04-01,675,675,660,661.43,16675
2025-04-02,674.5,699,664,683.83,34750
2025-04-03,690,697.9,670.3,671.52,26834
2025-04-07,683,683,662.1,663.4,14550
2025-04-08,660,669,655.1,662.25,14942
2025-04-09,675,675,660,661.3,11472
2025-04-10,674.5,683.9,660,662.27,12415
2025-04-13,655.2,675,655.2,658.9,15436
2025-04-15,670,700,660,678.48,31114
2025-04-16,680,680,668.4,670.26,10581
2025-04-17,680,683.5,666,679.49,24755
2025-04-20,680,680.1,667,668.97,13971
2025-04-21,675,675,660,662.19,26183
2025-04-22,663,667,654,656.81,15547
2025-04-23,657,661,648,653.66,12428
2025-04-24,657,659,640,643,16775
2025-04-27,649.9,678,634,642.28,25786
2025-04-28,644,680,644,665.12,55539
2025-04-29,677,677,655.2,662.33,11563
2025-04-30,662.3,674,650,651.56,12045
2025-05-04,651,656,647.4,647.73,24801
2025-05-05,660.6,660.6,639,639.72,16068
2025-05-06,640,643,629.1,629.62,29092
2025-05-07,628,665,620,653.76,37095
2025-05-08,665.4,691,645,675.6,80601
2025-05-11,674,685,648.3,655.21,35565
2025-05-13,654,667,646,655.57,17741
2025-05-14,655,664.9,645,647.54,20443
2025-05-15,650,651,638,640.45,13899
2025-05-18,642.1,654.9,642,651.33,26636
2025-05-19,652.3,662.6,646,647.62,11289
2025-05-20,645,660,643,656.69,16327
2025-05-21,661,701,647.1,648.93,28952
2025-05-22,645.1,660,644.5,647.45,19475
2025-05-25,660,663,634.1,640.98,20303
2025-05-26,653.7,667,644,645.98,17489
2025-05-27,645,648,636.1,637.37,9530
2025-05-28,638.6,640,633.1,636.08,11540
2025-06-02,648.8,657,637.2,639.5,8757
2025-06-03,641,644.9,630.2,634.45,9802
2025-06-04,638,640,627.5,629.23,9492
2025-06-05,625.2,638.9,620.5,628.12,20197
2025-06-08,621.1,631,620,620.52,18205
2025-06-09,625,630,621,621.46,14461
2025-06-10,621,664.9,621,652.9,55712
2025-06-11,664,665.4,637.1,639.3,40233
2025-06-12,648.9,652,636.1,641.84,18160
2025-06-15,646,650,635.1,635.93,22391
2025-06-16,640,640,628,630.69,13356
2025-06-17,630,641.9,624,625.04,13261
2025-06-18,637.5,637.5,624.8,629.31,27083
2025-06-19,641.4,641.4,620.1,621.36,21102
2025-06-22,612,627,612,614.15,12854
2025-06-23,622,626.4,606,610.3,12810
2025-06-24,615,620,600,602.43,16815
2025-06-25,610,614,600,600.33,12295
2025-06-26,610,610,597,598.81,11996
2025-06-29,605,605,591.5,599.77,17061
2025-06-30,600,603,595,599.57,6378
2025-07-01,595,614,595,610.16,10195
2025-07-02,612,628.1,611,621.98,29052
2025-07-03,634,665,616,647.31,54190
2025-07-06,655,685,642.1,667.77,89361
2025-07-07,668,670,640,641.74,31850
2025-07-08,640,655,630,650.21,23409
2025-07-09,651,654.5,639.9,647.94,15701
2025-07-10,660.8,660.8,650.1,653.59,16860
2025-07-13,666.6,679,660,668.49,42374
2025-07-14,666,679.2,662,675.13,36337
2025-07-15,684,710,672,696.09,98379
2025-07-16,709.9,717,703.1,714.37,50552
2025-07-17,728.6,729,711.2,724.47,56418
2025-07-20,710,724.8,710,710.5,115934
2025-07-21,709,717.5,705.1,706.93,58833
2025-07-22,719.5,734,715,730.29,56338
2025-07-23,732,756.8,717,738.61,61567
2025-07-24,738,750,725,727.53,33090
2025-07-27,721,739,700.3,704.47,71629
2025-07-28,695,730,695,726.38,57195
2025-07-29,740.9,740.9,720,721.04,28352
2025-07-30,718,735,703,705.6,27941
2025-07-31,701.2,748.6,695,708.8,78804
2025-08-03,708,730,701.2,702.46,26017
2025-08-04,716,716.5,684,694.74,43709
2025-08-05,685,705,675,677.07,21386
2025-08-06,680,685,665,674.72,16375
2025-08-07,684,685,675,684.02,9921
2025-08-11,697.7,697.7,675,676.35,13541
2025-08-12,680,680,662.3,664.69,12030
2025-08-13,652,677.3,652,661.35,9792
2025-08-14,673.9,673.9,653.1,654.55,8407
2025-08-17,660.9,661,643,645.89,12277
2025-08-18,658,669.9,638.3,644.69,8931
2025-08-19,657,657,641,641.62,14371
2025-08-20,635.7,654,635.7,640,5836
2025-08-21,640,641,631,631.24,11329
2025-08-24,625,643.8,625,632.75,4182
2025-08-25,630.1,636,624,632.42,8383
2025-08-26,635,637.9,628,628,4321
2025-08-27,630,645,630,639.3,9660
2025-08-28,642,643.9,630,630.53,8776
2025-08-31,632,643,620.4,620.79,6879
2025-09-01,630,630,620.1,623.96,7761
2025-09-02,623.96,623.96,613,614.64,6572
2025-09-03,615,623,610,612.94,7634
2025-09-04,625,626,608,609.21,10300
2025-09-07,608,616,605,608.4,7681
2025-09-08,615,615,597,598.4,12328
2025-09-18,586.5,586.5,550,550,1465
2025-09-21,550,605,528.3,605,19904
2025-09-23,617.1,650,617.1,640,20737
2025-09-24,635,640,611,629,9510
2025-09-25,641,641,615,616.1,3964
2025-09-28,610,617,609,617,3687
2025-10-07,605.1,627,593,627,4864
2025-10-08,615.1,621,593,600.1,16301
2025-10-09,612.1,637.7,609,612.6,12497
2025-10-12,601.4,621,590,597,12513
2025-10-13,597,608,591,596.1,10186
2025-10-14,593,599,585,585.5,5522
2025-10-15,580,590,574,578,6094
2025-10-16,589,589.5,560,561,12064
2025-10-19,572,572,561,565,7494
2025-10-26,555,560,550,560,4799
2025-10-28,569,580,569,575,4418
2025-10-29,580,589.9,570,570.1,4724
2025-10-30,570.1,580,560.4,573.5,6092
2025-11-02,583,600,583,597,19310
2025-11-03,597,623,597,608,15408
2025-11-04,605,609,590,598.8,5485
2025-11-05,590.1,619,586.1,618.9,11165
2025-11-06,627,631,610,616,15088
2025-11-09,605.5,607,595,599,7990
2025-11-10,589,608.5,587,591,6383
2025-11-11,592,592,579.2,588.7,6646
2025-11-12,578.1,600,571.4,574,8811
2025-11-13,562.6,582.5,562.6,580,5028
2025-11-16,573.4,575,569,570,10535
2025-11-17,566,580,561.5,576,2145
2025-11-18,587,588,577.1,577.1,4798
2025-11-19,579.1,582,575,578,5013
2025-11-20,572,580,572,573.1,6080
2025-11-23,584,590,574,588,7072
2025-11-24,593,599.8,588.1,599,8541
2025-11-25,600,612,588,598,8062
2025-11-26,595,600,590,597,4955
2025-11-27,598.8,600,589,590,11137
2025-11-30,590.1,605,585,586,6594
2025-12-01,580,595,577.3,590,6504
2025-12-02,590,595,583,592,5379
2025-12-03,600,605,590.1,598.9,28075
2025-12-07,609.5,609.5,591,594,9001
2025-12-08,585.2,600,583.1,594.9,3266
2025-12-09,590.1,596,590,595,1691
2025-12-10,591,591,577.4,580,9505
2025-12-11,585,587.5,577,577,5237
2025-12-14,588,588,571,573,4853
2025-12-15,575,591,571,591,9830
2025-12-16,590,593.9,586,592.5,4455
2025-12-17,598.9,600,587,596.7,11085
2025-12-18,598,598,581.2,581.2,12936
2025-12-21,581.2,581.2,566.3,570,19831
2025-12-22,581.4,581.4,560,569,17335
2025-12-23,565,566.1,560,565,15778
2025-12-24,568,574,555,556.1,24313
2025-12-28,567.2,575,562,574.9,18068
2025-12-29,585.9,594.8,579,584.8,30556
2025-12-31,589.9,593.7,581,588,8887
2026-01-01,591,591,578.2,590,29870
2026-01-04,590,595,582,588,21382
2026-01-05,593,605,591.5,604.9,46675
2026-01-06,611,648.7,606,637.9,73056
2026-01-07,644,650.6,627,638,57024
2026-01-08,647.5,647.5,624.5,624.9,46772
2026-01-12,625,642,625,632,50818
2026-01-13,639.8,639.8,625,628,24583
2026-01-14,630,673,628,664,95147
2026-01-18,660,712,660,710,109933
2026-01-20,724.2,738,691.4,700.1,98589
2026-01-21,700,708,676.3,685,46315
2026-01-22,685,724,684.5,722,86514
2026-01-25,725,730,700,704,56739
2026-01-26,703.2,709.5,685,695.8,81674
2026-01-27,696,699,665,666.8,67612
2026-01-28,670,691,670,689.8,58487
2026-01-29,703,706,666,675,55630
2026-02-01,688,695,658,682,88596
2026-02-02,677,684.9,662,672,38609
2026-02-03,662.5,672.5,656,661.8,27408
2026-02-04,651,667.5,651,654,37748
2026-02-05,655,667,654,657.3,25668
2026-02-08,659,680,657,665,45416
2026-02-09,662,664,645,650,27846
2026-02-10,652,652,633.2,638,27090
2026-02-11,649,649,635,635,11708
2026-02-12,628,655,628,641,25505
2026-02-16,649.9,656.8,643,650,23838
2026-02-17,644,651,637.1,640,23457
2026-02-22,635,638,620,621,14536
2026-02-23,633,640,616,625.1,14768
2026-02-24,622.1,634.8,622.1,633,9044
2026-02-25,637.59,640,628,628,8852
2026-02-26,628,638,628,635,7116
2026-03-01,629,670,611.3,658,38588
2026-03-03,658,674.6,650,674.6,20087
2026-03-09,688,715.7,688,715.7,220
2026-03-10,725,725,688,700,95271
2026-03-11,708,708,675,682,32128
2026-03-12,685,695,676.1,682.3,25692
2026-03-15,690,690,677,686.9,29227
2026-03-16,688,689.9,670.3,673.3,12032
2026-03-17,660,680,660,671,14810
2026-03-19,684,685,662,682,33851
2026-03-22,695,706,685.1,702,59281
2026-03-23,716,716,695.1,705,25115
2026-03-24,706,706,691,700,38105
2026-03-25,713.7,713.7,680,683,27531
2026-03-26,687,690,676,690,16696
2026-03-29,703.8,703.8,665,672,29278
2026-03-30,660,684,652,653,23968
2026-03-31,650,673,648,671,17828
2026-04-01,671,671,645,646,26515
2026-04-02,640,663,630.2,647,21987
2026-04-05,636,640.2,622.4,626.5,28121
