timestamp,open,high,low,close,volume
2025-11-11,391.7,407.4,391.7,407.4,30
2025-11-12,413.4,421.6,413.4,421.6,20
2025-11-13,419.9,438.6,419.9,438.6,30
2025-11-17,433.2,465.3,433.2,465.3,60
2025-11-18,474.6,484,474.6,484,20
2025-11-19,477.7,523.6,477.7,523.6,50
2025-11-23,534,566.5,534,566.5,40
2025-11-24,577.8,623.1,577.8,623.1,60
2025-11-25,611,674.4,611,674.4,60
2025-11-26,661.3,741.8,661.3,741.8,70
2025-11-27,727.6,815.9,727.6,815.9,80
2025-11-30,809.3,897.4,809.3,897.4,160
2025-12-01,896.2,987.1,896.2,987.1,130
2025-12-02,986.9,1085.8,986.9,1085.8,70
2025-12-03,1083.2,1194.3,1083.2,1194.3,110
2025-12-07,1194.1,1313.7,1194.1,1313.7,190
2025-12-08,1313.6,1445,1313.6,1445,150
2025-12-09,1444.9,1589.5,1444.9,1589.5,140
2025-12-10,1621.2,1748.4,1621.2,1748.4,130
2025-12-11,1723.7,1923.2,1723.7,1923.2,310
2025-12-14,1961.6,2115.5,1961.6,2115.5,460
2025-12-15,2157.8,2327,2157.8,2327,450
2025-12-16,2373.5,2559.7,2373.5,2559.7,630
2025-12-17,2610.8,2815.6,2610.8,2815.6,570
2025-12-18,2815.6,3097.1,2815.6,3097.1,6010
2025-12-21,3159,3400,2860.2,2900,44290
2025-12-22,2900,2900,2740,2740.1,22540
2025-12-23,2690,3014.1,2690,2882,7680
2025-12-24,2890,2890,2806.8,2828.9,4400
2025-12-28,2801,2828.9,2770.1,2781,7650
2025-12-29,2833,2833,2730,2750,5838
2025-12-31,2750,2800,2745.3,2764,5950
2026-01-01,2750,2830,2742.3,2770,5516
2026-01-04,2750,2933.8,2736,2879,9435
2026-01-05,2879.1,3139,2840.1,3088.9,11487
2026-01-06,3088.9,3195,2961,2999,7992
2026-01-07,2942,3000,2870,2894,7166
2026-01-08,2894,2929.5,2866.1,2886,5527
2026-01-12,2886,2930,2851,2885,4683
2026-01-13,2871,2920,2871,2890,5018
2026-01-14,2926,2927.9,2846,2846,4876
2026-01-18,2900,2965,2867,2930,6876
2026-01-20,2988.6,3039.8,2968,3005,6691
2026-01-21,3005,3030,2945.1,2972,5281
2026-01-22,2945,3000,2935.4,3000,4507
2026-01-25,3000,3299.9,3000,3270.1,9114
2026-01-26,3300,3300,3160,3180,9085
2026-01-27,3240,3240,3032,3032,9364
2026-01-28,3031.5,3089,3000,3070,5486
2026-01-29,3095,3110,3000,3031,6008
2026-02-01,2972,3010,2950,2960,3978
2026-02-02,2960,3050,2926,2999,4063
2026-02-03,2952,3050,2952,2990,2726
2026-02-04,2988,3002,2960,2960,3015
2026-02-05,2950,2994.9,2950,2987,3647
2026-02-08,2980,3020,2943,2943,2713
2026-02-09,2885.2,2940,2880,2905,3354
2026-02-10,2870.1,2915,2870,2880,2394
2026-02-11,2937.5,2937.6,2862,2865,1181
2026-02-12,2853.1,2905,2825.9,2870,2213
2026-02-16,2900,2900,2831,2840,2135
2026-02-17,2831.1,2835,2788,2788.9,3341
2026-02-22,2761,2790,2749,2751,1686
2026-02-23,2760,2770,2730.1,2770,2289
2026-02-24,2800,2825.4,2760,2825.4,975
2026-02-25,2860,2889.9,2800,2865,1264
2026-02-26,2811,2830,2780,2790,1275
2026-03-01,2752,2820,2752,2809.9,1629
2026-03-03,2809,2875,2809,2875,1535
2026-03-09,2932.5,3050.9,2932.5,3050.9,30
2026-03-10,3100,3100,2945,2987,4895
2026-03-11,2955.1,3025.3,2941,2942,1290
2026-03-12,2983,2983,2891,2892.4,1894
2026-03-15,2870,2920,2845,2850.1,2868
2026-03-16,2850,2900,2832,2837,1394
2026-03-17,2821,2877.3,2800.2,2817,1279
2026-03-19,2817,2890,2808,2862,1134
2026-03-22,2890,2969,2851,2943,2830
2026-03-23,2920,2956,2850,2862.1,2610
2026-03-24,2860,2910,2850,2875,1834
2026-03-25,2908,2929,2850,2885,1591
2026-03-26,2850,2900,2850,2895,1011
2026-03-29,2852,2888,2781,2781,4643
2026-03-30,2780,2828,2742,2750,2433
2026-03-31,2752,2798,2750,2798,882
2026-04-01,2751.1,2765,2705.1,2710,1780
2026-04-02,2700.1,2800,2700,2720,2218
2026-04-05,2670,2700,2500,2500,5135
2026-04-06,2550,2651,2547,2600,1756
2026-04-07,2645,2645,2580,2595,1764
2026-04-08,2620,2705,2600,2700,2392
2026-04-09,2700,2780,2700,2760,2137
2026-04-10,2711,2715,2670,2700,1365
2026-04-13,2700,2700,2650.1,2658,310
2026-04-15,2708,2708,2606.3,2679.9,2101
2026-04-16,2630,2645,2602,2628,1350
2026-04-17,2596,2600,2580,2595,1410
2026-04-20,2556.1,2610,2556.1,2581,1910
2026-04-21,2550,2600,2550,2575,1244
2026-04-22,2702.9,2702.9,2543.3,2619,1662
2026-04-23,2619,2619,2540,2545,1408
2026-04-24,2545,2550,2500,2550,1075
2026-04-27,2510.3,2550,2510.3,2550,705
2026-04-28,2511,2585,2511,2517,2393
2026-04-29,2500,2500,2454.2,2480,1896
2026-04-30,2462,2462,2420,2455,1278
2026-05-04,2407,2450,2407,2411,787
2026-05-05,2400.3,2469.9,2400.3,2450,669
2026-05-06,2450,2475,2440,2460,672
2026-05-07,2449,2450,2431,2435.3,180
2026-05-08,2439,2495,2439,2485,1530
2026-05-11,2488.1,2500,2460.1,2499,2008
2026-05-12,2480,2490,2440,2441,587
2026-05-13,2400,2440,2400,2414,337
2026-05-14,2406,2470,2396,2420,825
2026-05-15,2400,2420,2380.1,2385.1,1135
2026-05-18,2448.9,2455,2341,2345,710
2026-05-19,2344,2390,2326.8,2390,508
2026-05-20,2351,2400,2351,2399.9,715
2026-05-21,2401,2401,2355.1,2362.3,320
2026-05-22,2360.1,2400,2300.1,2400,612
2026-05-25,2415,2473.9,2375,2449,1046
2026-05-26,2401,2408,2386,2400,440
2026-05-27,2399,2420,2388,2390,324
2026-06-01,2380,2390,2350,2390,550
2026-06-02,2318.3,2440,2318.3,2430,720
2026-06-03,2405,2405,2375.1,2375.1,326
2026-06-04,2400,2400,2370,2372,265
2026-06-05,2380,2385,2340,2379,874
2026-06-08,2342,2355,2342,2346,396
2026-06-09,2302.1,2340,2302.1,2338.9,750
2026-06-10,2350,2350,2310,2320,365
2026-06-11,2320,2350,2285.5,2285.5,505
2026-06-12,2250,2300,2250,2279,1470
2026-06-15,2230.1,2265,2230.1,2264.9,460
2026-06-16,2250,2255,2218.4,2225,450
2026-06-17,2200,2235.2,2200,2235.2,414
2026-06-18,2216,2230,2215,2230,311
2026-06-19,2210,2359.9,2210,2277.2,715
2026-06-22,2277.2,2322,2260,2277,524
2026-06-23,2345,2345,2230,2255,372
2026-06-24,2321.9,2321.9,2170,2200,864
2026-06-25,2200,2332,2180,2250.5,365
2026-06-26,2200,2210,2200,2201,253
2026-06-29,2180,2200,2116,2173,918
2026-06-30,2173,2173,2060,2071,1402
2026-07-01,2100,2135,2080.1,2102,895
2026-07-02,2050,2063.5,2040,2040,1241
2026-07-03,2040,2097,2030,2060,438
2026-07-06,2105,2105,2035.3,2062,596
2026-07-07,2062,2075,2050,2066.1,160
2026-07-08,2040,2061,2012.1,2057.9,567
2026-07-09,2050,2050,2000,2030,587
2026-07-10,1970.1,2048,1970.1,2034,244
2026-07-13,1992.5,2000,1986,1986,245
2026-07-14,2000,2000,1920.9,1980,704
2026-07-15,1934.1,2000,1934.1,1997,573
2026-07-16,1950.2,2006,1950.2,1960,384
2026-07-17,1950,2075,1950,2075,578
2026-07-20,2090,2180,2090,2180,960
2026-07-21,2145,2205,2127,2142,882
2026-07-22,2120,2164,2105,2105,956
2026-07-23,2130,2130,2053,2098,858
2026-07-24,2145,2154.9,2098,2098,845
2026-07-27,2061.5,2132,2061.5,2098,857
2026-07-28,2056,2100,2000,2080,499
2026-07-29,2070,2099,2027,2031,390
2026-07-30,2011.1,2045,2011.1,2011.1,430
2026-07-31,2023,2026,2005,2020,170
2026-08-03,2052,2052,2026.3,2045,580
2026-08-04,2070,2070,2011.1,2011.1,240
2026-08-05,1985,2030,1985,2030,367
2026-08-06,2040,2049,2015,2025,190
2026-08-07,2020,2040,2010,2040,441
2026-08-10,2010,2035,1986,2015,491
2026-08-11,2023,2023,1992,1999,391
2026-08-12,1980,2015,1980,2015,345
2026-08-13,1980,2015,1975,2015,570
2026-08-14,1984.6,2000,1982,2000,195
2026-08-17,2000,2000,1950,1971,455
2026-08-18,1950,1990.1,1950,1990.1,589
2026-08-19,1952,1989.9,1932,1988.9,670
2026-08-20,1946,1988.8,1905.1,1988.8,1146
2026-08-21,1988,1988,1951.4,1951.4,220
2026-08-24,1910.1,2000,1910.1,1987,615
2026-08-25,1995,1999,1930,1930.2,465
2026-08-26,1935,1993,1927.1,1940,622
2026-08-27,1901.1,1910,1892,1904,473
2026-08-31,1850,1904,1807,1859.9,666
